Timestamp,Game ID:,Match Date:,Match Type:,1st Place (Player ID):,1st Place (Corp):,1st Place (Score):,2nd Place (Player ID):,2nd Place (Corp):,2nd Place (Score):,3rd Place (Player ID):,3rd Place (Corp):,3rd Place (Score):,(*For Ties Only*) 1st Place (MC):,(*For Ties Only*) 2nd Place (MC):,(*For Ties Only*) 3rd Place (MC):,Video:,Discord Post:
7/1/2021 13:47:33,A0010,7/1/2021,Season 2,Zzani,Ecoline,82,Deginald,Saturn Systems,78,Keenankj,Helion,73,,,,,"1st - Zzani (82 VP, Ecoline) // 2nd - Deginald (78 VP, Saturn Systems) // 3rd - Keenankj (73 VP, Helion)"
7/2/2021 14:58:16,A0004,7/2/2021,Season 2,Belemil,Teractor,92,LuisXIV,Phobolog,82,Polukranos,Credicor,79,,,,,"1st - Belemil (92 VP, Teractor) // 2nd - LuisXIV (82 VP, Phobolog) // 3rd - Polukranos (79 VP, Credicor)"
7/3/2021 14:51:42,A0005,7/3/2021,Season 2,Martinaturis,Saturn Systems,89,Inspe,Credicor,82,Ladyfromafar,Tharsis Republic,76,,,,,"1st - Martinaturis (89 VP, Saturn Systems) // 2nd - Inspe (82 VP, Credicor) // 3rd - Ladyfromafar (76 VP, Tharsis Republic)"
7/4/2021 5:25:20,A0022,7/4/2021,Season 2,Mały Farciarz,Interplanetary Cinematics,96,regolith eaters,Ecoline,75,Nekiyan,Mining Guild,64,,,,,"1st - Mały Farciarz (96 VP, Interplanetary Cinematics) // 2nd - regolith eaters (75 VP, Ecoline) // 3rd - Nekiyan (64 VP, Mining Guild)"
7/4/2021 6:17:04,A0023,7/4/2020,Season 2,MorianDavis,Saturn Systems,94,Dacruise,Tharsis Republic,85,efharisto,Ecoline,82,,,,,"1st - MorianDavis (94 VP, Saturn Systems) // 2nd - Dacruise (85 VP, Tharsis Republic) // 3rd - efharisto (82 VP, Ecoline)"
7/4/2021 11:09:27,A0024,7/4/2021,Season 2,Rinmay87,Credicor,86,Andre_Kappa,Interplanetary Cinematics,85,CaptainTSR,Teractor,85,,70,58,,"1st - Rinmay87 (86 VP, Credicor) // 2nd - Andre_Kappa (85 VP, Interplanetary Cinematics) // 3rd - CaptainTSR (85 VP, Teractor)"
7/5/2021 14:42:25,A0006,7/5/2021,Season 2,LambTree,Teractor,95,jszhmann,Inventrix,57,Flery,Helion,54,,,,,"1st - LambTree (95 VP, Teractor) // 2nd - jszhmann (57 VP, Inventrix) // 3rd - Flery (54 VP, Helion)"
7/5/2021 15:12:18,A0007,7/5/2021,Season 2,Vinkepl,Inventrix,109,Smior,Saturn Systems,86,Finnsane,Mining Guild,76,,,,,"1st - Vinkepl (109 VP, Inventrix) // 2nd - Smior (86 VP, Saturn Systems) // 3rd - Finnsane (76 VP, Mining Guild)"
7/5/2021 19:53:26,A0030,7/5/2021,Season 2,teamsquish,Thorgate,82,griefdog,Credicor,63,zebraheist,Teractor,54,,,,,"1st - teamsquish (82 VP, Thorgate) // 2nd - griefdog (63 VP, Credicor) // 3rd - zebraheist (54 VP, Teractor)"
7/5/2021 20:21:09,A0031,7/5/2021,Season 2,ThreadPacifist,Mining Guild,71,tmfan,Inventrix,64,GoBirds,Thorgate,63,,,,,"1st - ThreadPacifist (71 VP, Mining Guild) // 2nd - tmfan (64 VP, Inventrix) // 3rd - GoBirds (63 VP, Thorgate)"
7/6/2021 19:00:06,A0026,7/6/2021,Season 2,RonaldMexico,Ecoline,94,kroshtron,Thorgate,67,dystopian citizen,Tharsis Republic,66,,,,,"1st - RonaldMexico (94 VP, Ecoline) // 2nd - kroshtron (67 VP, Thorgate) // 3rd - dystopian citizen (66 VP, Tharsis Republic)"
7/7/2021 1:03:42,A0001,7/4/2021,Season 2,Lovinho,Saturn Systems,99,rybisznurek,Tharsis Republic,98,JelleL,Inventrix,95,,,,https://www.youtube.com/watch?v=QR7qlwIUru0,"1st - Lovinho (99 VP, Saturn Systems) // 2nd - rybisznurek (98 VP, Tharsis Republic) // 3rd - JelleL (95 VP, Inventrix)"
7/7/2021 13:27:00,A0014,7/7/2021,Season 2,Chipsmon,Ecoline,66,Biccis90,Inventrix,65,Dead_Bone,Credicor,62,,,,,"1st - Chipsmon (66 VP, Ecoline) // 2nd - Biccis90 (65 VP, Inventrix) // 3rd - Dead_Bone (62 VP, Credicor)"
7/7/2021 14:48:06,A0067,7/7/2021,Season 2,regolith eaters,Ecoline,70,MorianDavis,Teractor,59,CaptainTSR,Saturn Systems,57,,,,,"1st - regolith eaters (70 VP, Ecoline) // 2nd - MorianDavis (59 VP, Teractor) // 3rd - CaptainTSR (57 VP, Saturn Systems)"
7/7/2021 21:05:43,A0029,7/7/2021,Season 2,MrKnollItAll,Inventrix,86,Brendan18363,Mining Guild,84,hlambert033,Phobolog,82,,,,,"1st - MrKnollItAll (86 VP, Inventrix) // 2nd - Brendan18363 (84 VP, Mining Guild) // 3rd - hlambert033 (82 VP, Phobolog)"
7/8/2021 7:37:02,A0020,7/8/2021,Season 2,PapáDeAzúcar,Mining Guild,93,Dahyunayeon,United Nations Mars Initiative,92,TheNerdyPlayboy,Tharsis Republic,92,,68,38,,"1st - PapáDeAzúcar (93 VP, Mining Guild) // 2nd - Dahyunayeon (92 VP, United Nations Mars Initiative) // 3rd - TheNerdyPlayboy (92 VP, Tharsis Republic)"
7/8/2021 13:45:42,A0013,7/8/2021,Season 2,Fltr,Thorgate,71,AwesomeAxolotl,Tharsis Republic,69,TAMPNGFABRIKEN,Interplanetary Cinematics,61,,,,,"1st - Fltr (71 VP, Thorgate) // 2nd - AwesomeAxolotl (69 VP, Tharsis Republic) // 3rd - TAMPNGFABRIKEN (61 VP, Interplanetary Cinematics)"
7/8/2021 14:14:23,A0050,7/8/2021,Season 2,LambTree,Interplanetary Cinematics,110,Martinaturis,Mining Guild,87,LuisXIV,Tharsis Republic,82,,,,,"1st - LambTree (110 VP, Interplanetary Cinematics) // 2nd - Martinaturis (87 VP, Mining Guild) // 3rd - LuisXIV (82 VP, Tharsis Republic)"
7/8/2021 14:27:32,A0049,7/8/2021,Season 2,Belemil,Saturn Systems,89,Inspe,Interplanetary Cinematics,86,jszhmann,Credicor,86,,56,53,,"1st - Belemil (89 VP, Saturn Systems) // 2nd - Inspe (86 VP, Interplanetary Cinematics) // 3rd - jszhmann (86 VP, Credicor)"
7/8/2021 14:40:48,A0015,7/8/2021,Season 2,rinu100,Tharsis Republic,80,Andrewcool,Thorgate,79,crazypuzz,United Nations Mars Initiative,71,,,,,"1st - rinu100 (80 VP, Tharsis Republic) // 2nd - Andrewcool (79 VP, Thorgate) // 3rd - crazypuzz (71 VP, United Nations Mars Initiative)"
7/8/2021 15:49:23,A0011,7/8/2021,Season 2,Jacob Cream,Saturn Systems,80,paranoidsnail,Ecoline,72,Trzyszcz,Interplanetary Cinematics,68,,,,,"1st - Jacob Cream (80 VP, Saturn Systems) // 2nd - paranoidsnail (72 VP, Ecoline) // 3rd - Trzyszcz (68 VP, Interplanetary Cinematics)"
7/8/2021 18:25:43,A0008,7/8/2021,Season 2,Yoshikuru,Credicor,96,Lazlo23,Saturn Systems,88,MistPudim,Inventrix,72,,,,,"1st - Yoshikuru (96 VP, Credicor) // 2nd - Lazlo23 (88 VP, Saturn Systems) // 3rd - MistPudim (72 VP, Inventrix)"
7/8/2021 19:33:26,A0032,7/8/2021,Season 2,deantheatre,Teractor,85,Omar Lapince,United Nations Mars Initiative,72,Tjreid1,Ecoline,70,,,,,"1st - deantheatre (85 VP, Teractor) // 2nd - Omar Lapince (72 VP, United Nations Mars Initiative) // 3rd - Tjreid1 (70 VP, Ecoline)"
7/8/2021 20:28:10,A0033,7/8/2021,Season 2,ScratchesTheBear,Saturn Systems,81,StandByForHorseConch,Mining Guild,63,Cow_Boy,Inventrix,57,,,,,"1st - ScratchesTheBear (81 VP, Saturn Systems) // 2nd - StandByForHorseConch (63 VP, Mining Guild) // 3rd - Cow_Boy (57 VP, Inventrix)"
7/9/2021 4:12:23,A0002,7/8/2021,Season 2,Broman,Phobolog,80,Matjaas,Inventrix,68,Stayfun,Credicor,62,,,,,"1st - Broman (80 VP, Phobolog) // 2nd - Matjaas (68 VP, Inventrix) // 3rd - Stayfun (62 VP, Credicor)"
7/9/2021 7:33:04,A0092,7/8/2021,Season 2,Stayfun,Mining Guild,90,herius93,Saturn Systems,70,JelleL,Credicor,70,,50,45,https://www.youtube.com/watch?v=2_2oHXXxqpk,"1st - Stayfun (90 VP, Mining Guild) // 2nd - herius93 (70 VP, Saturn Systems) // 3rd - JelleL (70 VP, Credicor)"
7/9/2021 12:45:39,A0003,7/9/2021,Season 2,komodo,Teractor,129,MartianTomato,Tharsis Republic,108,herius93,Ecoline,99,,,,,"1st - komodo (129 VP, Teractor) // 2nd - MartianTomato (108 VP, Tharsis Republic) // 3rd - herius93 (99 VP, Ecoline)"
7/9/2021 14:42:46,A0017,7/9/2021,Season 2,Ghaleon,Credicor,97,HighTac,Saturn Systems,81,KromCoconut,Helion,64,,,,,"1st - Ghaleon (97 VP, Credicor) // 2nd - HighTac (81 VP, Saturn Systems) // 3rd - KromCoconut (64 VP, Helion)"
7/10/2021 22:25:32,A0207,7/10/2021,Season 2,ikefalcon,Tharsis Republic,76,Irather Nottell,Interplanetary Cinematics,73,dystopian citizen,Inventrix,65,,,,,"1st - ikefalcon (76 VP, Tharsis Republic) // 2nd - Irather Nottell (73 VP, Interplanetary Cinematics) // 3rd - dystopian citizen (65 VP, Inventrix)"
7/11/2021 0:38:37,A0043,7/11/2021,Season 2,T4Mars+KR,Ecoline,65,fly4777_3P,Teractor,60,Thedred,Saturn Systems,55,,,,,"1st - T4Mars+KR (65 VP, Ecoline) // 2nd - fly4777_3P (60 VP, Teractor) // 3rd - Thedred (55 VP, Saturn Systems)"
7/11/2021 8:00:22,A0068,7/11/2021,Season 2,Mały Farciarz,Ecoline,94,Dacruise,Credicor,93,Andre_Kappa,Saturn Systems,86,,,,,"1st - Mały Farciarz (94 VP, Ecoline) // 2nd - Dacruise (93 VP, Credicor) // 3rd - Andre_Kappa (86 VP, Saturn Systems)"
7/11/2021 21:24:33,A0034,7/11/2021,Season 2,Mars University,Interplanetary Cinematics,87,SomeGlitch,Teractor,77,Me0www,Phobolog,69,,,,https://www.twitch.tv/videos/1083976089,"1st - Mars University (87 VP, Interplanetary Cinematics) // 2nd - SomeGlitch (77 VP, Teractor) // 3rd - Me0www (69 VP, Phobolog)"
7/11/2021 21:49:22,A0028,7/11/2021,Season 2,anthracite,Saturn Systems,91,JustMartianThings,Tharsis Republic,80,chardie,Mining Guild,78,,,,,"1st - anthracite (91 VP, Saturn Systems) // 2nd - JustMartianThings (80 VP, Tharsis Republic) // 3rd - chardie (78 VP, Mining Guild)"
7/11/2021 22:07:18,A0027,7/11/2021,Season 2,ikefalcon,Inventrix,88,Irather Nottell,Saturn Systems,80,hazMatt,Phobolog,72,,,,,"1st - ikefalcon (88 VP, Inventrix) // 2nd - Irather Nottell (80 VP, Saturn Systems) // 3rd - hazMatt (72 VP, Phobolog)"
7/12/2021 10:37:12,A0038,7/12/2021,Season 2,BreadEnthusiast,Tharsis Republic,97,BIKELOCK,Credicor,87,A1RO,Forfeit,0,,,,,"1st - BreadEnthusiast (97 VP, Tharsis Republic) // 2nd - BIKELOCK (87 VP, Credicor) // 3rd - A1RO (0 VP, Forfeit)"
7/12/2021 13:21:06,A0060,7/12/2021,Season 2,TAMPNGFABRIKEN,Credicor,88,Biccis90,Mining Guild,65,rinu100,Tharsis Republic,62,,,,,"1st - TAMPNGFABRIKEN (88 VP, Credicor) // 2nd - Biccis90 (65 VP, Mining Guild) // 3rd - rinu100 (62 VP, Tharsis Republic)"
7/12/2021 14:34:26,A0057,7/12/2021,Season 2,Keenankj,Ecoline,96,jaythaker96,Teractor,77,Jacob Cream,Saturn Systems,77,,59,57,,"1st - Keenankj (96 VP, Ecoline) // 2nd - jaythaker96 (77 VP, Teractor) // 3rd - Jacob Cream (77 VP, Saturn Systems)"
7/12/2021 15:17:41,A0009,7/12/2021,Season 2,Crosiss,Saturn Systems,74,DonnieDarko84,Thorgate,67,Laranjo,Phobolog,65,,,,,"1st - Crosiss (74 VP, Saturn Systems) // 2nd - DonnieDarko84 (67 VP, Thorgate) // 3rd - Laranjo (65 VP, Phobolog)"
7/12/2021 16:46:57,A0065,7/12/2021,Season 2,HighlanderKG,Credicor,99,TheNerdyPlayboy,Saturn Systems,79,Cromemox,Phobolog,67,,,,,"1st - HighlanderKG (99 VP, Credicor) // 2nd - TheNerdyPlayboy (79 VP, Saturn Systems) // 3rd - Cromemox (67 VP, Phobolog)"
7/13/2021 12:46:46,A0103,7/13/2021,Season 2,AwesomeAxolotl,Ecoline,88,Chipsmon,Tharsis Republic,79,rinu100,Credicor,58,,,,,"1st - AwesomeAxolotl (88 VP, Ecoline) // 2nd - Chipsmon (79 VP, Tharsis Republic) // 3rd - rinu100 (58 VP, Credicor)"
7/13/2021 14:05:18,A0046,7/13/2021,Season 2,Lovinho,Credicor,82,Broman,Ecoline,78,herius93,Inventrix,60,,,,,"1st - Lovinho (82 VP, Credicor) // 2nd - Broman (78 VP, Ecoline) // 3rd - herius93 (60 VP, Inventrix)"
7/13/2021 15:02:21,A0054,7/13/2021,Season 2,Finnsane,Teractor,87,Yoshikuru,Helion,80,DonnieDarko84,Saturn Systems,74,,,,,"1st - Finnsane (87 VP, Teractor) // 2nd - Yoshikuru (80 VP, Helion) // 3rd - DonnieDarko84 (74 VP, Saturn Systems)"
7/13/2021 15:16:53,A0021,7/13/2021,Season 2,SquirtleLvl12,Saturn Systems,115,Cromemox,Credicor,102,charlie_efe,Phobolog,71,,,,,"1st - SquirtleLvl12 (115 VP, Saturn Systems) // 2nd - Cromemox (102 VP, Credicor) // 3rd - charlie_efe (71 VP, Phobolog)"
7/13/2021 19:52:59,A0025,7/13/2021,Season 2,TimFinnegan,Saturn Systems,92,Private O'Malley,Tharsis Republic,87,Roto von Bismarck,Phobolog,54,,,,,"1st - TimFinnegan (92 VP, Saturn Systems) // 2nd - Private O'Malley (87 VP, Tharsis Republic) // 3rd - Roto von Bismarck (54 VP, Phobolog)"
7/13/2021 19:54:27,A0079,7/13/2021,Season 2,Me0www,Ecoline,81,ecologist,Teractor,76,ARLONG573,Mining Guild,73,,,,,"1st - Me0www (81 VP, Ecoline) // 2nd - ecologist (76 VP, Teractor) // 3rd - ARLONG573 (73 VP, Mining Guild)"
7/13/2021 20:57:03,A0041,7/13/2021,Season 2,HoosierJeff,Saturn Systems,102,vstan,Credicor,85,musicforlife121,Tharsis Republic,78,,,,,"1st - HoosierJeff (102 VP, Saturn Systems) // 2nd - vstan (85 VP, Credicor) // 3rd - musicforlife121 (78 VP, Tharsis Republic)"
7/13/2021 21:24:20,A0078,7/13/2021,Season 2,GoBirds,Teractor,114,deantheatre,Ecoline,88,StandByForHorseConch,Tharsis Republic,81,,,,,"1st - GoBirds (114 VP, Teractor) // 2nd - deantheatre (88 VP, Ecoline) // 3rd - StandByForHorseConch (81 VP, Tharsis Republic)"
7/14/2021 13:52:01,A0149,7/14/2021,Season 2,Dead_Bone,Mining Guild,90,Fltr,Saturn Systems,82,rinu100,Helion,63,,,,,"1st - Dead_Bone (90 VP, Mining Guild) // 2nd - Fltr (82 VP, Saturn Systems) // 3rd - rinu100 (63 VP, Helion)"
7/14/2021 13:53:23,A0150,7/14/2021,Season 2,Chipsmon,Saturn Systems,90,TAMPNGFABRIKEN,Tharsis Republic,84,Andrewcool,Teractor,60,,,,,"1st - Chipsmon (90 VP, Saturn Systems) // 2nd - TAMPNGFABRIKEN (84 VP, Tharsis Republic) // 3rd - Andrewcool (60 VP, Teractor)"
7/14/2021 15:06:21,A0051,7/14/2021,Season 2,Polukranos,Ecoline,85,Ladyfromafar,Saturn Systems,65,Flery,Helion,52,,,,,"1st - Polukranos (85 VP, Ecoline) // 2nd - Ladyfromafar (65 VP, Saturn Systems) // 3rd - Flery (52 VP, Helion)"
7/14/2021 19:51:08,A0081,7/14/2021,Season 2,SomeGlitch,Credicor,92,Street-Justice,Saturn Systems,79,Kkenne5,Inventrix,49,,,,,"1st - SomeGlitch (92 VP, Credicor) // 2nd - Street-Justice (79 VP, Saturn Systems) // 3rd - Kkenne5 (49 VP, Inventrix)"
7/14/2021 22:12:46,A0037,7/14/2021,Season 2,splitalterego,Credicor,75,EliteNEET,Phobolog,71,karmakanik,Teractor,69,,,,https://www.twitch.tv/videos/1087092973,"1st - splitalterego (75 VP, Credicor) // 2nd - EliteNEET (71 VP, Phobolog) // 3rd - karmakanik (69 VP, Teractor)"
7/15/2021 6:17:26,A0066,7/15/2021,Season 2,adysk,Inventrix,107,SquirtleLvl12,Credicor,76,Dahyunayeon,Saturn Systems,74,,,,,"1st - adysk (107 VP, Inventrix) // 2nd - SquirtleLvl12 (76 VP, Credicor) // 3rd - Dahyunayeon (74 VP, Saturn Systems)"
7/15/2021 13:45:45,A0091,7/15/2021,Season 2,Lovinho,Saturn Systems,89,Matjaas,United Nations Mars Initiative,74,komodo,Credicor,68,,,,,"1st - Lovinho (89 VP, Saturn Systems) // 2nd - Matjaas (74 VP, United Nations Mars Initiative) // 3rd - komodo (68 VP, Credicor)"
7/15/2021 14:23:12,A0095,7/15/0021,Season 2,LuisXIV,Mining Guild,110,jszhmann,Thorgate,77,Ladyfromafar,Inventrix,67,,,,,"1st - LuisXIV (110 VP, Mining Guild) // 2nd - jszhmann (77 VP, Thorgate) // 3rd - Ladyfromafar (67 VP, Inventrix)"
7/15/2021 14:44:16,A0055,7/15/2021,Season 2,Deginald,Tharsis Republic,80,Jimaros2004,Teractor,62,paranoidsnail,Mining Guild,61,,,,,"1st - Deginald (80 VP, Tharsis Republic) // 2nd - Jimaros2004 (62 VP, Teractor) // 3rd - paranoidsnail (61 VP, Mining Guild)"
7/15/2021 15:20:07,A0053,7/15/2021,Season 2,Lazlo23,Tharsis Republic,125,Laranjo,Credicor,96,Vinkepl,Inventrix,90,,,,,"1st - Lazlo23 (125 VP, Tharsis Republic) // 2nd - Laranjo (96 VP, Credicor) // 3rd - Vinkepl (90 VP, Inventrix)"
7/15/2021 18:49:48,A0086,7/15/2021,Season 2,h0dgep0dge,Interplanetary Cinematics,94,Tinkerbob,Thorgate,86,HoosierJeff,Teractor,73,,,,,"1st - h0dgep0dge (94 VP, Interplanetary Cinematics) // 2nd - Tinkerbob (86 VP, Thorgate) // 3rd - HoosierJeff (73 VP, Teractor)"
7/15/2021 20:45:49,A0090,7/15/2021,Season 2,shermrah,Interplanetary Cinematics,81,yutaro,Saturn Systems,74,Thedred,Credicor,71,,,,,"1st - shermrah (81 VP, Interplanetary Cinematics) // 2nd - yutaro (74 VP, Saturn Systems) // 3rd - Thedred (71 VP, Credicor)"
7/15/2021 21:42:19,A0087,7/15/2021,Season 2,enoon,Phobolog,92,musicforlife121,Saturn Systems,66,emily's worst nightmare,Inventrix,57,,,,,"1st - enoon (92 VP, Phobolog) // 2nd - musicforlife121 (66 VP, Saturn Systems) // 3rd - emily's worst nightmare (57 VP, Inventrix)"
7/17/2021 21:18:24,A0080,7/17/2021,Season 2,Mars University,Inventrix,95,SorryDave,Credicor,74,Big Don,Saturn Systems,59,,,,https://www.twitch.tv/videos/1090076924,"1st - Mars University (95 VP, Inventrix) // 2nd - SorryDave (74 VP, Credicor) // 3rd - Big Don (59 VP, Saturn Systems)"
7/18/2021 5:09:43,A0113,7/18/2021,Season 2,Mały Farciarz,Teractor,122,CaptainTSR,United Nations Mars Initiative,92,efharisto,Thorgate,85,,,,,"1st - Mały Farciarz (122 VP, Teractor) // 2nd - CaptainTSR (92 VP, United Nations Mars Initiative) // 3rd - efharisto (85 VP, Thorgate)"
7/18/2021 9:01:24,A0012,7/18/2021,Season 2,Jimaros2004,Credicor,97,Ocram82,Phobolog,86,jaythaker96,Ecoline,73,,,,,"1st - Jimaros2004 (97 VP, Credicor) // 2nd - Ocram82 (86 VP, Phobolog) // 3rd - jaythaker96 (73 VP, Ecoline)"
7/18/2021 12:37:31,A0112,7/18/2021,Season 2,regolith eaters,Ecoline,102,Dacruise,Mining Guild,84,Rinmay87,Credicor,72,,,,,"1st - regolith eaters (102 VP, Ecoline) // 2nd - Dacruise (84 VP, Mining Guild) // 3rd - Rinmay87 (72 VP, Credicor)"
7/18/2021 15:00:05,A0047,7/18/2021,Season 2,Matjaas,Tharsis Republic,119,JelleL,Interplanetary Cinematics,107,MartianTomato,Credicor,83,,,,https://www.youtube.com/watch?v=lDfLJf3UtvE,"1st - Matjaas (119 VP, Tharsis Republic) // 2nd - JelleL (107 VP, Interplanetary Cinematics) // 3rd - MartianTomato (83 VP, Credicor)"
7/18/2021 16:27:34,A0325,7/18/2021,Season 2,Deginald,Credicor,76,Trzyszcz,Saturn Systems,73,Ocram82,Thorgate,66,,,,,"1st - Deginald (76 VP, Credicor) // 2nd - Trzyszcz (73 VP, Saturn Systems) // 3rd - Ocram82 (66 VP, Thorgate)"
7/18/2021 17:28:28,A0039,7/17/1981,Season 2,Petrifis,Interplanetary Cinematics,97,Scottmars,Mining Guild,90,jjworshipleader,Teractor,64,,,,,"1st - Petrifis (97 VP, Interplanetary Cinematics) // 2nd - Scottmars (90 VP, Mining Guild) // 3rd - jjworshipleader (64 VP, Teractor)"
7/18/2021 19:40:39,A0035,7/18/2021,Season 2,ARLONG573,Thorgate,75,SorryDave,Credicor,53,Street-Justice,Inventrix,51,,,,,"1st - ARLONG573 (75 VP, Thorgate) // 2nd - SorryDave (53 VP, Credicor) // 3rd - Street-Justice (51 VP, Inventrix)"
7/18/2021 21:32:22,A0074,7/18/2021,Season 2,JustMartianThings,Thorgate,93,Brendan18363,Credicor,66,griefdog,Saturn Systems,54,,,,,"1st - JustMartianThings (93 VP, Thorgate) // 2nd - Brendan18363 (66 VP, Credicor) // 3rd - griefdog (54 VP, Saturn Systems)"
7/19/2021 1:31:24,A0062,7/18/2021,Season 2,mifciu,Credicor,114,Sickysoka,Saturn Systems,112,HighTac,Interplanetary Cinematics,100,,,,,"1st - mifciu (114 VP, Credicor) // 2nd - Sickysoka (112 VP, Saturn Systems) // 3rd - HighTac (100 VP, Interplanetary Cinematics)"
7/19/2021 6:25:06,A0019,7/19/2021,Season 2,Druen,Helion,80,HighlanderKG,Mining Guild,76,adysk,Teractor,75,,,,,"1st - Druen (80 VP, Helion) // 2nd - HighlanderKG (76 VP, Mining Guild) // 3rd - adysk (75 VP, Teractor)"
7/19/2021 10:04:33,A0069,7/13/2021,Season 2,Nekiyan,Teractor,115,Rinmay87,Credicor,80,efharisto,Inventrix,79,,,,,"1st - Nekiyan (115 VP, Teractor) // 2nd - Rinmay87 (80 VP, Credicor) // 3rd - efharisto (79 VP, Inventrix)"
7/19/2021 13:40:00,A0093,7/19/2021,Season 2,Broman,Credicor,87,rybisznurek,Inventrix,69,MartianTomato,Interplanetary Cinematics,67,,,,,"1st - Broman (87 VP, Credicor) // 2nd - rybisznurek (69 VP, Inventrix) // 3rd - MartianTomato (67 VP, Interplanetary Cinematics)"
7/19/2021 14:56:58,A0192,7/19/2021,Season 2,Jacob Cream,Tharsis Republic,62,Ocram82,Interplanetary Cinematics,61,Jimaros2004,Inventrix,53,,,,,"1st - Jacob Cream (62 VP, Tharsis Republic) // 2nd - Ocram82 (61 VP, Interplanetary Cinematics) // 3rd - Jimaros2004 (53 VP, Inventrix)"
7/19/2021 20:38:31,A0072,7/19/2021,Season 2,dystopian citizen,Phobolog,89,Roto von Bismarck,Teractor,86,hazMatt,Tharsis Republic,73,,,,,"1st - dystopian citizen (89 VP, Phobolog) // 2nd - Roto von Bismarck (86 VP, Teractor) // 3rd - hazMatt (73 VP, Tharsis Republic)"
7/19/2021 20:42:41,A0073,7/19/2021,Season 2,anthracite,Ecoline,86,teamsquish,Tharsis Republic,78,hlambert033,Inventrix,77,,,,,"1st - anthracite (86 VP, Ecoline) // 2nd - teamsquish (78 VP, Tharsis Republic) // 3rd - hlambert033 (77 VP, Inventrix)"
7/19/2021 21:14:05,A0070,7/19/2021,Season 2,RonaldMexico,Teractor,92,Private O'Malley,Ecoline,83,Irather Nottell,Interplanetary Cinematics,81,,,,https://www.twitch.tv/videos/1092044332,"1st - RonaldMexico (92 VP, Teractor) // 2nd - Private O'Malley (83 VP, Ecoline) // 3rd - Irather Nottell (81 VP, Interplanetary Cinematics)"
7/20/2021 4:19:45,A0089,7/20/2021,Season 2,fly4777_3P,Helion,88,Jovian_Boyy,Tharsis Republic,70,monkeyjunkk,Mining Guild,54,,,,,"1st - fly4777_3P (88 VP, Helion) // 2nd - Jovian_Boyy (70 VP, Tharsis Republic) // 3rd - monkeyjunkk (54 VP, Mining Guild)"
7/20/2021 11:07:13,A0088,7/20/2021,Season 2,T4Mars+KR,Thorgate,92,aptlswjdyd,Saturn Systems,87,screamcfc,Interplanetary Cinematics,81,,,,,"1st - T4Mars+KR (92 VP, Thorgate) // 2nd - aptlswjdyd (87 VP, Saturn Systems) // 3rd - screamcfc (81 VP, Interplanetary Cinematics)"
7/20/2021 14:23:35,A0059,7/20/2021,Season 2,Fltr,Ecoline,102,Chipsmon,Credicor,87,crazypuzz,Helion,67,,,,,"1st - Fltr (102 VP, Ecoline) // 2nd - Chipsmon (87 VP, Credicor) // 3rd - crazypuzz (67 VP, Helion)"
7/20/2021 14:34:18,A0098,7/20/2021,Season 2,Vinkepl,Interplanetary Cinematics,84,Yoshikuru,Saturn Systems,65,Crosiss,Teractor,42,,,,,"1st - Vinkepl (84 VP, Interplanetary Cinematics) // 2nd - Yoshikuru (65 VP, Saturn Systems) // 3rd - Crosiss (42 VP, Teractor)"
7/20/2021 15:59:02,A0111,7/20/2021,Season 2,PapáDeAzúcar,Tharsis Republic,90,adysk,Ecoline,69,Cromemox,Saturn Systems,59,,,,https://youtu.be/gP11S6IkDT4,"1st - PapáDeAzúcar (90 VP, Tharsis Republic) // 2nd - adysk (69 VP, Ecoline) // 3rd - Cromemox (59 VP, Saturn Systems)"
7/20/2021 19:51:40,A0076,7/20/2021,Season 2,Cow_Boy,Interplanetary Cinematics,87,Tjreid1,Mining Guild,83,ThreadPacifist,Saturn Systems,82,,,,https://www.twitch.tv/videos/1093002738,"1st - Cow_Boy (87 VP, Interplanetary Cinematics) // 2nd - Tjreid1 (83 VP, Mining Guild) // 3rd - ThreadPacifist (82 VP, Saturn Systems)"
7/20/2021 19:57:29,A0036,7/20/2021,Season 2,Kkenne5,Mining Guild,77,ecologist,Saturn Systems,75,Big Don,Interplanetary Cinematics,72,,,,,"1st - Kkenne5 (77 VP, Mining Guild) // 2nd - ecologist (75 VP, Saturn Systems) // 3rd - Big Don (72 VP, Interplanetary Cinematics)"
7/20/2021 20:31:54,A0042,7/20/2021,Season 2,esle123,Mining Guild,87,emily's worst nightmare,Ecoline,84,Tinkerbob,Teractor,80,,,,,"1st - esle123 (87 VP, Mining Guild) // 2nd - emily's worst nightmare (84 VP, Ecoline) // 3rd - Tinkerbob (80 VP, Teractor)"
7/21/2021 7:07:48,A0044,7/27/2021,Season 2,Jovian_Boyy,Interplanetary Cinematics,83,shermrah,Saturn Systems,71,aptlswjdyd,Thorgate,57,,,,,"1st - Jovian_Boyy (83 VP, Interplanetary Cinematics) // 2nd - shermrah (71 VP, Saturn Systems) // 3rd - aptlswjdyd (57 VP, Thorgate)"
7/21/2021 9:24:29,A0135,7/22/2021,Season 2,aptlswjdyd,Teractor,97,Thedred,Phobolog,88,monkeyjunkk,Thorgate,56,,,,,"1st - aptlswjdyd (97 VP, Teractor) // 2nd - Thedred (88 VP, Phobolog) // 3rd - monkeyjunkk (56 VP, Thorgate)"
7/21/2021 16:54:26,A0104,7/21/2021,Season 2,Biccis90,Interplanetary Cinematics,100,Fltr,Teractor,92,Andrewcool,Phobolog,69,,,,,"1st - Biccis90 (100 VP, Interplanetary Cinematics) // 2nd - Fltr (92 VP, Teractor) // 3rd - Andrewcool (69 VP, Phobolog)"
7/21/2021 19:25:38,A0083,7/21/2021,Season 2,splitalterego,Credicor,102,Petrifis,Helion,71,BIKELOCK,Teractor,60,,,,,"1st - splitalterego (102 VP, Credicor) // 2nd - Petrifis (71 VP, Helion) // 3rd - BIKELOCK (60 VP, Teractor)"
7/21/2021 20:56:13,A0084,7/21/2021,Season 2,karmakanik,Interplanetary Cinematics,95,BreadEnthusiast,Credicor,69,jjworshipleader,Tharsis Republic,58,,,,,"1st - karmakanik (95 VP, Interplanetary Cinematics) // 2nd - BreadEnthusiast (69 VP, Credicor) // 3rd - jjworshipleader (58 VP, Tharsis Republic)"
7/22/2021 13:48:21,A0114,7/22/2021,Season 2,Nekiyan,United Nations Mars Initiative,73,Andre_Kappa,Saturn Systems,51,MorianDavis,Mining Guild,51,,49,42,,"1st - Nekiyan (73 VP, United Nations Mars Initiative) // 2nd - Andre_Kappa (51 VP, Saturn Systems) // 3rd - MorianDavis (51 VP, Mining Guild)"
7/22/2021 14:48:19,A0154,7/22/2021,Season 2,Druen,Inventrix,97,Dahyunayeon,Credicor,72,Cromemox,Ecoline,62,,,,,"1st - Druen (97 VP, Inventrix) // 2nd - Dahyunayeon (72 VP, Credicor) // 3rd - Cromemox (62 VP, Ecoline)"
7/22/2021 15:54:59,A0099,7/22/2021,Season 2,Finnsane,Interplanetary Cinematics,120,Laranjo,Tharsis Republic,104,MistPudim,Saturn Systems,81,,,,,"1st - Finnsane (120 VP, Interplanetary Cinematics) // 2nd - Laranjo (104 VP, Tharsis Republic) // 3rd - MistPudim (81 VP, Saturn Systems)"
7/22/2021 18:53:36,A0085,7/22/2021,Season 2,esle123,Ecoline,82,vstan,Helion,73,Qualitaetsgarant,United Nations Mars Initiative,64,,,,,"1st - esle123 (82 VP, Ecoline) // 2nd - vstan (73 VP, Helion) // 3rd - Qualitaetsgarant (64 VP, United Nations Mars Initiative)"
7/22/2021 20:37:08,A0071,7/22/2021,Season 2,kroshtron,Teractor,79,ikefalcon,Saturn Systems,69,TimFinnegan,Credicor,58,,,,,"1st - kroshtron (79 VP, Teractor) // 2nd - ikefalcon (69 VP, Saturn Systems) // 3rd - TimFinnegan (58 VP, Credicor)"
7/23/2021 13:33:06,A0130,7/23/2021,Season 2,emily's worst nightmare,Teractor,97,Qualitaetsgarant,Tharsis Republic,96,HoosierJeff,Credicor,73,,,,,"1st - emily's worst nightmare (97 VP, Teractor) // 2nd - Qualitaetsgarant (96 VP, Tharsis Republic) // 3rd - HoosierJeff (73 VP, Credicor)"
7/23/2021 15:44:18,A0139,7/23/2021,Season 2,LambTree,Phobolog,78,Belemil,Ecoline,76,Ladyfromafar,Mining Guild,74,,,,,"1st - LambTree (78 VP, Phobolog) // 2nd - Belemil (76 VP, Ecoline) // 3rd - Ladyfromafar (74 VP, Mining Guild)"
7/24/2021 5:12:13,A0155,7/24/2021,Season 2,HighlanderKG,Teractor,122,PapáDeAzúcar,Credicor,72,SquirtleLvl12,Thorgate,69,,,,,"1st - HighlanderKG (122 VP, Teractor) // 2nd - PapáDeAzúcar (72 VP, Credicor) // 3rd - SquirtleLvl12 (69 VP, Thorgate)"
7/24/2021 14:26:21,A0077,7/24/2021,Season 2,Omar Lapince,Inventrix,80,tmfan,Phobolog,75,ScratchesTheBear,Interplanetary Cinematics,70,,,,https://www.youtube.com/watch?v=tBkVJkDVbmA,"1st - Omar Lapince (80 VP, Inventrix) // 2nd - tmfan (75 VP, Phobolog) // 3rd - ScratchesTheBear (70 VP, Interplanetary Cinematics)"
7/25/2021 5:36:57,A0100,7/25/2021,Season 2,Deginald,Teractor,105,Trzyszcz,Inventrix,81,jaythaker96,Credicor,68,,,,,"1st - Deginald (105 VP, Teractor) // 2nd - Trzyszcz (81 VP, Inventrix) // 3rd - jaythaker96 (68 VP, Credicor)"
7/25/2021 13:33:35,A0159,7/25/2021,Season 2,Nekiyan,Credicor,92,Dacruise,Interplanetary Cinematics,78,CaptainTSR,Saturn Systems,75,,,,,"1st - Nekiyan (92 VP, Credicor) // 2nd - Dacruise (78 VP, Interplanetary Cinematics) // 3rd - CaptainTSR (75 VP, Saturn Systems)"
7/26/2021 11:32:10,A0158,7/26/2021,Season 2,Mały Farciarz,Mining Guild,102,MorianDavis,Ecoline,92,Rinmay87,Teractor,77,,,,,"1st - Mały Farciarz (102 VP, Mining Guild) // 2nd - MorianDavis (92 VP, Ecoline) // 3rd - Rinmay87 (77 VP, Teractor)"
7/26/2021 13:42:24,A0102,7/26/2021,Season 2,paranoidsnail,Saturn Systems,87,Keenankj,Inventrix,86,Ocram82,Tharsis Republic,76,,,,,"1st - paranoidsnail (87 VP, Saturn Systems) // 2nd - Keenankj (86 VP, Inventrix) // 3rd - Ocram82 (76 VP, Tharsis Republic)"
7/26/2021 15:06:52,A0181,7/26/2021,Season 2,JelleL,Tharsis Republic,85,Lovinho,Interplanetary Cinematics,69,komodo,Mining Guild,58,,,,https://youtu.be/hxCP8yeyZlE,"1st - JelleL (85 VP, Tharsis Republic) // 2nd - Lovinho (69 VP, Interplanetary Cinematics) // 3rd - komodo (58 VP, Mining Guild)"
7/26/2021 15:59:14,A0018,7/26/2021,Season 2,Venophile,Tharsis Republic,118,Sickysoka,Phobolog,105,boomata,Inventrix,71,,,,,"1st - Venophile (118 VP, Tharsis Republic) // 2nd - Sickysoka (105 VP, Phobolog) // 3rd - boomata (71 VP, Inventrix)"
7/26/2021 20:33:29,A0160,7/26/2021,Season 2,Private O'Malley,Saturn Systems,94,ikefalcon,Ecoline,77,dystopian citizen,Thorgate,67,,,,https://www.twitch.tv/videos/1099204797,"1st - Private O'Malley (94 VP, Saturn Systems) // 2nd - ikefalcon (77 VP, Ecoline) // 3rd - dystopian citizen (67 VP, Thorgate)"
7/27/2021 10:13:27,A0203,7/27/2021,Season 2,Nekiyan,Mining Guild,83,Dacruise,Tharsis Republic,75,MorianDavis,Credicor,62,,,,,"1st - Nekiyan (83 VP, Mining Guild) // 2nd - Dacruise (75 VP, Tharsis Republic) // 3rd - MorianDavis (62 VP, Credicor)"
7/27/2021 11:22:51,A0268,7/27/2021,Season 2,T4Mars+KR,Teractor,115,screamcfc,Tharsis Republic,88,Thedred,Interplanetary Cinematics,73,,,,,"1st - T4Mars+KR (115 VP, Teractor) // 2nd - screamcfc (88 VP, Tharsis Republic) // 3rd - Thedred (73 VP, Interplanetary Cinematics)"
7/27/2021 15:49:23,A0291,7/27/2021,Season 2,adysk,Inventrix,92,Cromemox,Ecoline,83,SquirtleLvl12,Saturn Systems,82,,,,https://youtu.be/CsVc1KT6Lco,"1st - adysk (92 VP, Inventrix) // 2nd - Cromemox (83 VP, Ecoline) // 3rd - SquirtleLvl12 (82 VP, Saturn Systems)"
7/27/2021 21:13:32,A0132,7/27/0021,Season 2,enoon,Tharsis Republic,103,vstan,Credicor,77,Tinkerbob,Ecoline,73,,,,https://youtu.be/H6pltUjQzNg,"1st - enoon (103 VP, Tharsis Republic) // 2nd - vstan (77 VP, Credicor) // 3rd - Tinkerbob (73 VP, Ecoline)"
7/28/2021 20:42:16,A0124,7/28/2021,Season 2,Me0www,Tharsis Republic,86,Kkenne5,Phobolog,72,SorryDave,Inventrix,65,,,,,"1st - Me0www (86 VP, Tharsis Republic) // 2nd - Kkenne5 (72 VP, Phobolog) // 3rd - SorryDave (65 VP, Inventrix)"
7/28/2021 20:42:23,A0123,7/28/2021,Season 2,GoBirds,Thorgate,85,ScratchesTheBear,Ecoline,78,Tjreid1,Saturn Systems,77,,,,,"1st - GoBirds (85 VP, Thorgate) // 2nd - ScratchesTheBear (78 VP, Ecoline) // 3rd - Tjreid1 (77 VP, Saturn Systems)"
7/28/2021 21:03:10,A0125,7/28/2021,Season 2,ecologist,Saturn Systems,104,Mars University,Credicor,90,Street-Justice,Ecoline,70,,,,,"1st - ecologist (104 VP, Saturn Systems) // 2nd - Mars University (90 VP, Credicor) // 3rd - Street-Justice (70 VP, Ecoline)"
7/28/2021 22:43:50,A0118,7/28/2021,Season 2,anthracite,Ecoline,75,ragingduck,Phobolog,70,Brendan18363,Saturn Systems,70,,,,,"1st - anthracite (75 VP, Ecoline) // 2nd - ragingduck (70 VP, Phobolog) // 3rd - Brendan18363 (70 VP, Saturn Systems)"
7/29/2021 13:31:17,A0152,7/29/2021,Season 2,mifciu,United Nations Mars Initiative,86,boomata,Teractor,70,Ghaleon,Credicor,69,,,,,"1st - mifciu (86 VP, United Nations Mars Initiative) // 2nd - boomata (70 VP, Teractor) // 3rd - Ghaleon (69 VP, Credicor)"
7/29/2021 15:00:34,A0048,7/29/2021,Season 2,Stayfun,Credicor,77,komodo,Tharsis Republic,66,rybisznurek,Phobolog,61,,,,,"1st - Stayfun (77 VP, Credicor) // 2nd - komodo (66 VP, Tharsis Republic) // 3rd - rybisznurek (61 VP, Phobolog)"
7/31/2021 5:11:18,A0335,7/31/2021,Season 2,adysk,Inventrix,88,HighlanderKG,Thorgate,87,Dahyunayeon,Tharsis Republic,71,,,,https://youtu.be/NrAAL6dYqww,"1st - adysk (88 VP, Inventrix) // 2nd - HighlanderKG (87 VP, Thorgate) // 3rd - Dahyunayeon (71 VP, Tharsis Republic)"
7/31/2021 18:48:08,A0117,7/30/2021,Season 2,ikefalcon,Interplanetary Cinematics,98,RonaldMexico,Saturn Systems,91,Roto von Bismarck,Teractor,82,,,,,"1st - ikefalcon (98 VP, Interplanetary Cinematics) // 2nd - RonaldMexico (91 VP, Saturn Systems) // 3rd - Roto von Bismarck (82 VP, Teractor)"
8/1/2021 15:54:23,A0096,8/1/2021,Season 2,Polukranos,Saturn Systems,92,LambTree,Credicor,80,Inspe,Ecoline,77,,,,,"1st - Polukranos (92 VP, Saturn Systems) // 2nd - LambTree (80 VP, Credicor) // 3rd - Inspe (77 VP, Ecoline)"
8/2/2021 14:42:00,A0082,7/31/2021,Season 2,A1RO,Mining Guild,93,EliteNEET,Phobolog,85,Scottmars,Saturn Systems,75,,,,https://www.twitch.tv/videos/1105146456,"1st - A1RO (93 VP, Mining Guild) // 2nd - EliteNEET (85 VP, Phobolog) // 3rd - Scottmars (75 VP, Saturn Systems)"
8/2/2021 15:08:25,A0238,8/2/2021,Season 2,Andrewcool,Saturn Systems,71,AwesomeAxolotl,Teractor,58,TAMPNGFABRIKEN,Tharsis Republic,57,,,,,"1st - Andrewcool (71 VP, Saturn Systems) // 2nd - AwesomeAxolotl (58 VP, Teractor) // 3rd - TAMPNGFABRIKEN (57 VP, Tharsis Republic)"
8/2/2021 15:48:05,A0244,8/2/2021,Season 2,Druen,Inventrix,86,adysk,Mining Guild,85,Twigg96wafc,Phobolog,72,,,,https://youtu.be/m5jhA-waPAY,"1st - Druen (86 VP, Inventrix) // 2nd - adysk (85 VP, Mining Guild) // 3rd - Twigg96wafc (72 VP, Phobolog)"
8/2/2021 18:35:27,A0121,8/2/2021,Season 2,ThreadPacifist,Interplanetary Cinematics,92,Omar Lapince,Teractor,59,StandByForHorseConch,Inventrix,48,,,,https://www.twitch.tv/videos/1106258205,"1st - ThreadPacifist (92 VP, Interplanetary Cinematics) // 2nd - Omar Lapince (59 VP, Teractor) // 3rd - StandByForHorseConch (48 VP, Inventrix)"
8/3/2021 4:57:54,A0107,8/2/2021,Season 2,Venophile,Mining Guild,80,mifciu,Phobolog,80,KromCoconut,Credicor,61,68,66,,,"1st - Venophile (80 VP, Mining Guild) // 2nd - mifciu (80 VP, Phobolog) // 3rd - KromCoconut (61 VP, Credicor)"
8/3/2021 8:32:43,A0108,8/3/2021,Season 2,Milestone Party,Tharsis Republic,94,Ghaleon,Inventrix,86,Sickysoka,Phobolog,81,,,,,"1st - Milestone Party (94 VP, Tharsis Republic) // 2nd - Ghaleon (86 VP, Inventrix) // 3rd - Sickysoka (81 VP, Phobolog)"
8/3/2021 15:59:10,A0097,8/3/2021,Season 2,Smior,Teractor,105,DonnieDarko84,Saturn Systems,100,Lazlo23,Mining Guild,98,,,,,"1st - Smior (105 VP, Teractor) // 2nd - DonnieDarko84 (100 VP, Saturn Systems) // 3rd - Lazlo23 (98 VP, Mining Guild)"
8/3/2021 16:17:56,A0186,8/3/2021,Season 2,LambTree,Credicor,82,jszhmann,Inventrix,68,Ladyfromafar,Helion,63,,,,,"1st - LambTree (82 VP, Credicor) // 2nd - jszhmann (68 VP, Inventrix) // 3rd - Ladyfromafar (63 VP, Helion)"
8/3/2021 20:51:34,A0129,8/3/2021,Season 2,Petrifis,Interplanetary Cinematics,89,karmakanik,Credicor,85,A1RO,Inventrix,68,,,,,"1st - Petrifis (89 VP, Interplanetary Cinematics) // 2nd - karmakanik (85 VP, Credicor) // 3rd - A1RO (68 VP, Inventrix)"
8/3/2021 21:18:22,A0115,8/3/2021,Season 2,Private O'Malley,Phobolog,118,kroshtron,Interplanetary Cinematics,95,hazMatt,Credicor,77,,,,https://www.twitch.tv/videos/1107419966,"1st - Private O'Malley (118 VP, Phobolog) // 2nd - kroshtron (95 VP, Interplanetary Cinematics) // 3rd - hazMatt (77 VP, Credicor)"
8/3/2021 21:46:46,A0170,8/3/2021,Season 2,Mars University,Credicor,83,Kkenne5,Interplanetary Cinematics,79,ARLONG573,Saturn Systems,75,,,,https://www.twitch.tv/videos/1107427619,"1st - Mars University (83 VP, Credicor) // 2nd - Kkenne5 (79 VP, Interplanetary Cinematics) // 3rd - ARLONG573 (75 VP, Saturn Systems)"
8/3/2021 23:29:36,A0176,8/3/2021,Season 2,h0dgep0dge,Tharsis Republic,78,emily's worst nightmare,Ecoline,71,vstan,Inventrix,70,,,,https://www.twitch.tv/videos/1107348003,"1st - h0dgep0dge (78 VP, Tharsis Republic) // 2nd - emily's worst nightmare (71 VP, Ecoline) // 3rd - vstan (70 VP, Inventrix)"
8/4/2021 14:29:03,A0235,8/4/2021,Season 2,Keenankj,Credicor,102,Deginald,Tharsis Republic,85,Jimaros2004,Thorgate,61,,,,https://youtu.be/KXLhjW10XPM,"1st - Keenankj (102 VP, Credicor) // 2nd - Deginald (85 VP, Tharsis Republic) // 3rd - Jimaros2004 (61 VP, Thorgate)"
8/4/2021 15:38:07,A0136,8/4/2021,Season 2,Lovinho,Teractor,109,MartianTomato,Tharsis Republic,97,Stayfun,Credicor,90,,,,,"1st - Lovinho (109 VP, Teractor) // 2nd - MartianTomato (97 VP, Tharsis Republic) // 3rd - Stayfun (90 VP, Credicor)"
8/4/2021 18:50:56,A0126,8/4/2021,Season 2,SomeGlitch,Credicor,95,ARLONG573,United Nations Mars Initiative,70,Big Don,Ecoline,60,,,,,"1st - SomeGlitch (95 VP, Credicor) // 2nd - ARLONG573 (70 VP, United Nations Mars Initiative) // 3rd - Big Don (60 VP, Ecoline)"
8/4/2021 19:26:36,A0128,8/4/2021,Season 2,splitalterego,Interplanetary Cinematics,148,BreadEnthusiast,Saturn Systems,89,Scottmars,Tharsis Republic,83,,,,,"1st - splitalterego (148 VP, Interplanetary Cinematics) // 2nd - BreadEnthusiast (89 VP, Saturn Systems) // 3rd - Scottmars (83 VP, Tharsis Republic)"
8/4/2021 19:40:54,A0131,8/4/2021,Season 2,h0dgep0dge,Thorgate,92,musicforlife121,Saturn Systems,64,esle123,Phobolog,63,,,,https://www.twitch.tv/videos/1108350128                  /              https://www.twitch.tv/videos/1108351987?t=125s ,"1st - h0dgep0dge (92 VP, Thorgate) // 2nd - musicforlife121 (64 VP, Saturn Systems) // 3rd - esle123 (63 VP, Phobolog)"
8/4/2021 22:30:11,A0119,8/4/2021,Season 2,JustMartianThings,Saturn Systems,107,teamsquish,Ecoline,95,MrKnollItAll,Credicor,85,,,,,"1st - JustMartianThings (107 VP, Saturn Systems) // 2nd - teamsquish (95 VP, Ecoline) // 3rd - MrKnollItAll (85 VP, Credicor)"
8/5/2021 13:25:33,A0193,8/5/2021,Season 2,AwesomeAxolotl,Mining Guild,98,Fltr,Inventrix,89,rinu100,Interplanetary Cinematics,65,,,,https://www.twitch.tv/videos/1109033595,"1st - AwesomeAxolotl (98 VP, Mining Guild) // 2nd - Fltr (89 VP, Inventrix) // 3rd - rinu100 (65 VP, Interplanetary Cinematics)"
8/5/2021 13:33:25,A0338,8/5/2021,Season 2,Nekiyan,Interplanetary Cinematics,95,Mały Farciarz,Credicor,81,efharisto,United Nations Mars Initiative,80,,,,,"1st - Nekiyan (95 VP, Interplanetary Cinematics) // 2nd - Mały Farciarz (81 VP, Credicor) // 3rd - efharisto (80 VP, United Nations Mars Initiative)"
8/5/2021 13:43:11,A0157,8/5/2021,Season 2,regolith eaters,Mining Guild,94,Andre_Kappa,United Nations Mars Initiative,76,efharisto,Credicor,64,,,,,"1st - regolith eaters (94 VP, Mining Guild) // 2nd - Andre_Kappa (76 VP, United Nations Mars Initiative) // 3rd - efharisto (64 VP, Credicor)"
8/5/2021 15:49:39,A0274,8/5/2021,Season 2,Ladyfromafar,Credicor,67,Inspe,Interplanetary Cinematics,65,Belemil,Saturn Systems,61,,,,,"1st - Ladyfromafar (67 VP, Credicor) // 2nd - Inspe (65 VP, Interplanetary Cinematics) // 3rd - Belemil (61 VP, Saturn Systems)"
8/5/2021 20:31:10,A0166,8/5/2021,Season 2,ThreadPacifist,Interplanetary Cinematics,86,deantheatre,Mining Guild,76,ScratchesTheBear,Saturn Systems,68,,,,,"1st - ThreadPacifist (86 VP, Interplanetary Cinematics) // 2nd - deantheatre (76 VP, Mining Guild) // 3rd - ScratchesTheBear (68 VP, Saturn Systems)"
8/5/2021 20:32:13,A0221,8/5/2021,Season 2,enoon,Interplanetary Cinematics,90,HoosierJeff,Teractor,59,vstan,Ecoline,59,,44,40,https://youtu.be/1lhFXnLfiaQ,"1st - enoon (90 VP, Interplanetary Cinematics) // 2nd - HoosierJeff (59 VP, Teractor) // 3rd - vstan (59 VP, Ecoline)"
8/6/2021 7:57:21,A0247,8/6/2021,Season 2,Nekiyan,Inventrix,83,regolith eaters,Credicor,65,CaptainTSR,Tharsis Republic,60,,,,,"1st - Nekiyan (83 VP, Inventrix) // 2nd - regolith eaters (65 VP, Credicor) // 3rd - CaptainTSR (60 VP, Tharsis Republic)"
8/6/2021 10:12:27,A0101,8/6/2021,Season 2,Jacob Cream,Saturn Systems,84,Jimaros2004,Interplanetary Cinematics,81,Zzani,Teractor,77,,,,,"1st - Jacob Cream (84 VP, Saturn Systems) // 2nd - Jimaros2004 (81 VP, Interplanetary Cinematics) // 3rd - Zzani (77 VP, Teractor)"
8/6/2021 15:22:18,A0283,8/6/2021,Season 2,Biccis90,Interplanetary Cinematics,109,AwesomeAxolotl,Mining Guild,102,Dead_Bone,Credicor,87,,,,,"1st - Biccis90 (109 VP, Interplanetary Cinematics) // 2nd - AwesomeAxolotl (102 VP, Mining Guild) // 3rd - Dead_Bone (87 VP, Credicor)"
8/6/2021 20:16:33,A0094,8/6/2021,Season 2,Martinaturis,Tharsis Republic,89,Belemil,Teractor,82,Flery,Credicor,67,,,,,"1st - Martinaturis (89 VP, Tharsis Republic) // 2nd - Belemil (82 VP, Teractor) // 3rd - Flery (67 VP, Credicor)"
8/6/2021 21:11:28,A0311,8/6/2021,Season 2,esle123,Saturn Systems,89,h0dgep0dge,Teractor,79,HoosierJeff,Credicor,70,,,,https://www.twitch.tv/videos/1110510024,"1st - esle123 (89 VP, Saturn Systems) // 2nd - h0dgep0dge (79 VP, Teractor) // 3rd - HoosierJeff (70 VP, Credicor)"
8/6/2021 22:38:13,A0116,8/6/2021,Season 2,TimFinnegan,Tharsis Republic,119,Irather Nottell,Credicor,86,dystopian citizen,Inventrix,79,,,,,"1st - TimFinnegan (119 VP, Tharsis Republic) // 2nd - Irather Nottell (86 VP, Credicor) // 3rd - dystopian citizen (79 VP, Inventrix)"
8/7/2021 13:08:56,A0168,8/7/2021,Season 2,Omar Lapince,Credicor,91,Cow_Boy,Thorgate,83,GoBirds,Inventrix,81,,,,,"1st - Omar Lapince (91 VP, Credicor) // 2nd - Cow_Boy (83 VP, Thorgate) // 3rd - GoBirds (81 VP, Inventrix)"
8/8/2021 9:35:47,a0056,8/8/2021,Season 2,Zzani,Interplanetary Cinematics,144,Ocram82,Tharsis Republic,98,Trzyszcz,Forfeit,0,,,,,"1st - Zzani (144 VP, Interplanetary Cinematics) // 2nd - Ocram82 (98 VP, Tharsis Republic) // 3rd - Trzyszcz (0 VP, Forfeit)"
8/8/2021 10:18:12,A0110,8/8/2021,Season 2,HighlanderKG,Teractor,107,Dahyunayeon,Tharsis Republic,71,Twigg96wafc,Saturn Systems,71,,50,48,,"1st - HighlanderKG (107 VP, Teractor) // 2nd - Dahyunayeon (71 VP, Tharsis Republic) // 3rd - Twigg96wafc (71 VP, Saturn Systems)"
8/8/2021 14:30:35,A0064,8/8/2021,Season 2,PapáDeAzúcar,Credicor,70,Druen,United Nations Mars Initiative,66,Twigg96wafc,Thorgate,61,,,,,"1st - PapáDeAzúcar (70 VP, Credicor) // 2nd - Druen (66 VP, United Nations Mars Initiative) // 3rd - Twigg96wafc (61 VP, Thorgate)"
8/8/2021 14:53:41,A0122,8/8/2021,Season 2,deantheatre,Tharsis Republic,84,Cow_Boy,Saturn Systems,81,tmfan,Interplanetary Cinematics,79,,,,https://www.twitch.tv/videos/1112264579,"1st - deantheatre (84 VP, Tharsis Republic) // 2nd - Cow_Boy (81 VP, Saturn Systems) // 3rd - tmfan (79 VP, Interplanetary Cinematics)"
8/8/2021 15:39:00,A0145,8/8/2021,Season 2,Deginald,Saturn Systems,118,Ocram82,Interplanetary Cinematics,67,Jacob Cream,Mining Guild,67,,63,45,,"1st - Deginald (118 VP, Saturn Systems) // 2nd - Ocram82 (67 VP, Interplanetary Cinematics) // 3rd - Jacob Cream (67 VP, Mining Guild)"
8/8/2021 18:35:50,A0173,8/8/2021,Season 2,splitalterego,Credicor,103,A1RO,Interplanetary Cinematics,84,jjworshipleader,Helion,55,,,,,"1st - splitalterego (103 VP, Credicor) // 2nd - A1RO (84 VP, Interplanetary Cinematics) // 3rd - jjworshipleader (55 VP, Helion)"
8/8/2021 18:56:53,A0220,8/9/2021,Season 2,Qualitaetsgarant,Credicor,84,emily's worst nightmare,Tharsis Republic,76,h0dgep0dge,Teractor,75,,,,https://www.twitch.tv/videos/1112351894,"1st - Qualitaetsgarant (84 VP, Credicor) // 2nd - emily's worst nightmare (76 VP, Tharsis Republic) // 3rd - h0dgep0dge (75 VP, Teractor)"
8/8/2021 21:01:08,A0162,8/8/2021,Season 2,Roto von Bismarck,Credicor,78,kroshtron,Tharsis Republic,72,Irather Nottell,Saturn Systems,69,,,,,"1st - Roto von Bismarck (78 VP, Credicor) // 2nd - kroshtron (72 VP, Tharsis Republic) // 3rd - Irather Nottell (69 VP, Saturn Systems)"
8/9/2021 14:06:47,A0188,8/9/2021,Season 2,Finnsane,Tharsis Republic,109,Lazlo23,Ecoline,99,MistPudim,Credicor,81,,,,,"1st - Finnsane (109 VP, Tharsis Republic) // 2nd - Lazlo23 (99 VP, Ecoline) // 3rd - MistPudim (81 VP, Credicor)"
8/9/2021 20:20:58,A0177,8/9/2021,Season 2,HoosierJeff,Inventrix,82,esle123,Saturn Systems,81,enoon,Teractor,77,,,,https://youtu.be/AEREz-MKXxs,"1st - HoosierJeff (82 VP, Inventrix) // 2nd - esle123 (81 VP, Saturn Systems) // 3rd - enoon (77 VP, Teractor)"
8/10/2021 6:29:00,A0245,8/10/2021,Season 2,HighlanderKG,Teractor,79,PapáDeAzúcar,Mining Guild,63,Cromemox,Credicor,44,,,,,"1st - HighlanderKG (79 VP, Teractor) // 2nd - PapáDeAzúcar (63 VP, Mining Guild) // 3rd - Cromemox (44 VP, Credicor)"
8/10/2021 13:23:54,A0202,8/10/2021,Season 2,regolith eaters,Credicor,128,Rinmay87,Mining Guild,107,Mały Farciarz,Ecoline,96,,,,,"1st - regolith eaters (128 VP, Credicor) // 2nd - Rinmay87 (107 VP, Mining Guild) // 3rd - Mały Farciarz (96 VP, Ecoline)"
8/10/2021 14:11:35,A0194,8/10/2021,Season 2,Dead_Bone,Mining Guild,85,Chipsmon,Ecoline,69,TAMPNGFABRIKEN,Inventrix,63,,,,,"1st - Dead_Bone (85 VP, Mining Guild) // 2nd - Chipsmon (69 VP, Ecoline) // 3rd - TAMPNGFABRIKEN (63 VP, Inventrix)"
8/10/2021 14:37:32,A0109,8/10/2021,Season 2,Druen,Mining Guild,102,TheNerdyPlayboy,Inventrix,78,SquirtleLvl12,Ecoline,76,,,,,"1st - Druen (102 VP, Mining Guild) // 2nd - TheNerdyPlayboy (78 VP, Inventrix) // 3rd - SquirtleLvl12 (76 VP, Ecoline)"
8/10/2021 15:26:51,A0153,8/10/2021,Season 2,HighTac,Saturn Systems,85,Venophile,Inventrix,70,Milestone Party,Ecoline,69,,,,,"1st - HighTac (85 VP, Saturn Systems) // 2nd - Venophile (70 VP, Inventrix) // 3rd - Milestone Party (69 VP, Ecoline)"
8/10/2021 19:59:52,A0206,8/10/2021,Season 2,RonaldMexico,Interplanetary Cinematics,93,Roto von Bismarck,Mining Guild,92,kroshtron,Teractor,87,,,,,"1st - RonaldMexico (93 VP, Interplanetary Cinematics) // 2nd - Roto von Bismarck (92 VP, Mining Guild) // 3rd - kroshtron (87 VP, Teractor)"
8/11/2021 13:58:22,A0105,8/11/2021,Season 2,Dead_Bone,Saturn Systems,84,TAMPNGFABRIKEN,Interplanetary Cinematics,75,crazypuzz,Ecoline,59,,,,,"1st - Dead_Bone (84 VP, Saturn Systems) // 2nd - TAMPNGFABRIKEN (75 VP, Interplanetary Cinematics) // 3rd - crazypuzz (59 VP, Ecoline)"
8/11/2021 18:56:07,A0310,8/12/2021,Season 2,Qualitaetsgarant,Interplanetary Cinematics,106,musicforlife121,Teractor,72,vstan,Credicor,71,,,,https://www.twitch.tv/videos/1115462673,"1st - Qualitaetsgarant (106 VP, Interplanetary Cinematics) // 2nd - musicforlife121 (72 VP, Teractor) // 3rd - vstan (71 VP, Credicor)"
8/11/2021 21:02:30,A0267,8/11/2021,Season 2,HoosierJeff,Saturn Systems,77,emily's worst nightmare,Interplanetary Cinematics,75,musicforlife121,Teractor,66,,,,https://www.twitch.tv/videos/1115593811,"1st - HoosierJeff (77 VP, Saturn Systems) // 2nd - emily's worst nightmare (75 VP, Interplanetary Cinematics) // 3rd - musicforlife121 (66 VP, Teractor)"
8/11/2021 21:15:06,A0260,8/11/2021,Season 2,Mars University,Saturn Systems,85,Big Don,Teractor,71,ARLONG573,Credicor,67,,,,https://www.youtube.com/watch?v=oLwctlDumVs,"1st - Mars University (85 VP, Saturn Systems) // 2nd - Big Don (71 VP, Teractor) // 3rd - ARLONG573 (67 VP, Credicor)"
8/12/2021 8:55:17,A0045,8/12/2021,Season 2,Harrison Gray Fallat,Credicor,81,screamcfc,United Nations Mars Initiative,68,monkeyjunkk,Phobolog,66,,,,,"1st - Harrison Gray Fallat (81 VP, Credicor) // 2nd - screamcfc (68 VP, United Nations Mars Initiative) // 3rd - monkeyjunkk (66 VP, Phobolog)"
8/12/2021 15:47:25,A0106,8/12/2021,Season 2,HighTac,Saturn Systems,125,adegas74,Ecoline,105,boomata,Tharsis Republic,73,,,,,"1st - HighTac (125 VP, Saturn Systems) // 2nd - adegas74 (105 VP, Ecoline) // 3rd - boomata (73 VP, Tharsis Republic)"
8/12/2021 22:07:51,A0075,8/12/2021,Season 2,MrKnollItAll,Mining Guild,88,ragingduck,Credicor,82,chardie,United Nations Mars Initiative,72,,,,,"1st - MrKnollItAll (88 VP, Mining Guild) // 2nd - ragingduck (82 VP, Credicor) // 3rd - chardie (72 VP, United Nations Mars Initiative)"
8/13/2021 0:23:48,A0172,8/12/2021,Season 2,BreadEnthusiast,Phobolog,79,EliteNEET,Inventrix,70,Petrifis,Mining Guild,62,,,,,"1st - BreadEnthusiast (79 VP, Phobolog) // 2nd - EliteNEET (70 VP, Inventrix) // 3rd - Petrifis (62 VP, Mining Guild)"
8/13/2021 6:39:55,A0133,8/13/2021,Season 2,T4Mars+KR,Credicor,88,Jovian_Boyy,Interplanetary Cinematics,71,Harrison Gray Fallat,Tharsis Republic,63,,,,,"1st - T4Mars+KR (88 VP, Credicor) // 2nd - Jovian_Boyy (71 VP, Interplanetary Cinematics) // 3rd - Harrison Gray Fallat (63 VP, Tharsis Republic)"
8/13/2021 13:23:08,A0204,8/13/2021,Season 2,efharisto,Tharsis Republic,71,CaptainTSR,Helion,67,Andre_Kappa,Mining Guild,60,,,,,"1st - efharisto (71 VP, Tharsis Republic) // 2nd - CaptainTSR (67 VP, Helion) // 3rd - Andre_Kappa (60 VP, Mining Guild)"
8/13/2021 18:41:33,A0175,8/13/2021,Season 2,Qualitaetsgarant,Inventrix,90,Tinkerbob,Ecoline,86,musicforlife121,Teractor,86,,54,47,https://www.twitch.tv/videos/1117458865,"1st - Qualitaetsgarant (90 VP, Inventrix) // 2nd - Tinkerbob (86 VP, Ecoline) // 3rd - musicforlife121 (86 VP, Teractor)"
8/14/2021 13:29:07,A0148,8/14/2021,Season 2,AwesomeAxolotl,Tharsis Republic,99,Biccis90,Teractor,97,crazypuzz,Ecoline,75,,,,https://www.twitch.tv/videos/1118255233,"1st - AwesomeAxolotl (99 VP, Tharsis Republic) // 2nd - Biccis90 (97 VP, Teractor) // 3rd - crazypuzz (75 VP, Ecoline)"
8/14/2021 17:22:56,A0127,8/14/2021,Season 2,EliteNEET,Teractor,109,Je-Nas,Mining Guild,92,jjworshipleader,Forfeit,0,,,,https://www.twitch.tv/videos/1118458789,"1st - EliteNEET (109 VP, Teractor) // 2nd - Je-Nas (92 VP, Mining Guild) // 3rd - jjworshipleader (0 VP, Forfeit)"
8/15/2021 0:21:54,A0179,8/15/2021,Season 2,fly4777_3P,Interplanetary Cinematics,93,Harrison Gray Fallat,Ecoline,78,shadowmoonwalk,Phobolog,69,,,,,"1st - fly4777_3P (93 VP, Interplanetary Cinematics) // 2nd - Harrison Gray Fallat (78 VP, Ecoline) // 3rd - shadowmoonwalk (69 VP, Phobolog)"
8/15/2021 8:45:01,A0223,8/15/2021,Season 2,Harrison Gray Fallat,Tharsis Republic,70,fly4777_3P,United Nations Mars Initiative,68,T4Mars+KR,Inventrix,66,,,,https://www.twitch.tv/videos/1119009905,"1st - Harrison Gray Fallat (70 VP, Tharsis Republic) // 2nd - fly4777_3P (68 VP, United Nations Mars Initiative) // 3rd - T4Mars+KR (66 VP, Inventrix)"
8/15/2021 9:49:25,A0249,8/15/2021,Season 2,Dacruise,Tharsis Republic,125,efharisto,Helion,92,Rinmay87,Mining Guild,85,,,,,"1st - Dacruise (125 VP, Tharsis Republic) // 2nd - efharisto (92 VP, Helion) // 3rd - Rinmay87 (85 VP, Mining Guild)"
8/16/2021 8:01:06,A0178,8/16/2021,Season 2,T4Mars+KR,Interplanetary Cinematics,89,shermrah,Credicor,80,monkeyjunkk,Saturn Systems,72,,,,,"1st - T4Mars+KR (89 VP, Interplanetary Cinematics) // 2nd - shermrah (80 VP, Credicor) // 3rd - monkeyjunkk (72 VP, Saturn Systems)"
8/16/2021 9:51:44,A0134,8/16/2021,Season 2,screamcfc,Teractor,71,shermrah,Interplanetary Cinematics,58,fly4777_3P,Helion,52,,,,,"1st - screamcfc (71 VP, Teractor) // 2nd - shermrah (58 VP, Interplanetary Cinematics) // 3rd - fly4777_3P (52 VP, Helion)"
8/16/2021 14:00:07,A0282,8/16/2021,Season 2,Keenankj,Ecoline,96,jaythaker96,Saturn Systems,82,Ocram82,Phobolog,79,,,,,"1st - Keenankj (96 VP, Ecoline) // 2nd - jaythaker96 (82 VP, Saturn Systems) // 3rd - Ocram82 (79 VP, Phobolog)"
8/16/2021 14:05:30,A0058,8/16/2021,Season 2,AwesomeAxolotl,Interplanetary Cinematics,79,Dead_Bone,Mining Guild,72,Andrewcool,Teractor,58,,,,https://www.twitch.tv/videos/1120213954,"1st - AwesomeAxolotl (79 VP, Interplanetary Cinematics) // 2nd - Dead_Bone (72 VP, Mining Guild) // 3rd - Andrewcool (58 VP, Teractor)"
8/16/2021 15:17:27,A0137,8/16/2021,Season 2,JelleL,Mining Guild,109,komodo,Credicor,100,Broman,Tharsis Republic,93,,,,https://youtu.be/0EJ8plgERyI,"1st - JelleL (109 VP, Mining Guild) // 2nd - komodo (100 VP, Credicor) // 3rd - Broman (93 VP, Tharsis Republic)"
8/16/2021 19:44:53,A0355,8/16/2021,Season 2,Qualitaetsgarant,Ecoline,79,HoosierJeff,Interplanetary Cinematics,79,Tinkerbob,Tharsis Republic,57,55,52,,,"1st - Qualitaetsgarant (79 VP, Ecoline) // 2nd - HoosierJeff (79 VP, Interplanetary Cinematics) // 3rd - Tinkerbob (57 VP, Tharsis Republic)"
8/16/2021 20:50:15,A0161,8/16/2021,Season 2,TimFinnegan,Interplanetary Cinematics,98,RonaldMexico,Teractor,95,hazMatt,Saturn Systems,59,,,,,"1st - TimFinnegan (98 VP, Interplanetary Cinematics) // 2nd - RonaldMexico (95 VP, Teractor) // 3rd - hazMatt (59 VP, Saturn Systems)"
8/16/2021 21:18:58,A0211,8/16/2021,Season 2,tmfan,Credicor,94,ThreadPacifist,Teractor,86,StandByForHorseConch,Thorgate,63,,,,,"1st - tmfan (94 VP, Credicor) // 2nd - ThreadPacifist (86 VP, Teractor) // 3rd - StandByForHorseConch (63 VP, Thorgate)"
8/17/2021 13:03:53,A0240,8/17/2021,Season 2,Biccis90,Saturn Systems,101,Chipsmon,Helion,91,rinu100,Inventrix,79,,,,,"1st - Biccis90 (101 VP, Saturn Systems) // 2nd - Chipsmon (91 VP, Helion) // 3rd - rinu100 (79 VP, Inventrix)"
8/17/2021 15:29:50,A0016,8/17/2021,Season 2,Milestone Party,Credicor,88,mifciu,Ecoline,69,adegas74,Tharsis Republic,50,,,,,"1st - Milestone Party (88 VP, Credicor) // 2nd - mifciu (69 VP, Ecoline) // 3rd - adegas74 (50 VP, Tharsis Republic)"
8/17/2021 16:48:42,A0142,8/17/2021,Season 2,Yoshikuru,Phobolog,116,Laranjo,Tharsis Republic,104,Smior,Saturn Systems,96,,,,,"1st - Yoshikuru (116 VP, Phobolog) // 2nd - Laranjo (104 VP, Tharsis Republic) // 3rd - Smior (96 VP, Saturn Systems)"
8/17/2021 20:25:31,A0212,8/17/2021,Season 2,GoBirds,Credicor,115,Omar Lapince,Tharsis Republic,98,Tjreid1,Phobolog,98,,92,72,,"1st - GoBirds (115 VP, Credicor) // 2nd - Omar Lapince (98 VP, Tharsis Republic) // 3rd - Tjreid1 (98 VP, Phobolog)"
8/17/2021 20:36:55,A0169,8/17/2021,Season 2,Me0www,Credicor,79,Big Don,United Nations Mars Initiative,63,Street-Justice,Phobolog,58,,,,,"1st - Me0www (79 VP, Credicor) // 2nd - Big Don (63 VP, United Nations Mars Initiative) // 3rd - Street-Justice (58 VP, Phobolog)"
8/17/2021 21:53:30,A0222,8/17/2021,Season 2,esle123,Credicor,92,Tinkerbob,Interplanetary Cinematics,88,musicforlife121,Inventrix,75,,,,https://www.twitch.tv/videos/1121610007,"1st - esle123 (92 VP, Credicor) // 2nd - Tinkerbob (88 VP, Interplanetary Cinematics) // 3rd - musicforlife121 (75 VP, Inventrix)"
8/18/2021 9:35:04,A0156,8/18/2021,Season 2,adysk,Saturn Systems,143,TheNerdyPlayboy,Teractor,98,Twigg96wafc,Ecoline,94,,,,,"1st - adysk (143 VP, Saturn Systems) // 2nd - TheNerdyPlayboy (98 VP, Teractor) // 3rd - Twigg96wafc (94 VP, Ecoline)"
8/18/2021 14:16:25,A0144,8/18/2021,Season 2,Finnsane,Saturn Systems,76,lisiacz,Mining Guild,74,Lazlo23,Tharsis Republic,73,,,,,"1st - Finnsane (76 VP, Saturn Systems) // 2nd - lisiacz (74 VP, Mining Guild) // 3rd - Lazlo23 (73 VP, Tharsis Republic)"
8/18/2021 19:00:59,A0171,8/18/2021,Season 2,ecologist,Mining Guild,70,SorryDave,Ecoline,65,SomeGlitch,Teractor,57,,,,,"1st - ecologist (70 VP, Mining Guild) // 2nd - SorryDave (65 VP, Ecoline) // 3rd - SomeGlitch (57 VP, Teractor)"
8/18/2021 19:39:34,A0208,8/18/2021,Season 2,JustMartianThings,Inventrix,84,anthracite,Saturn Systems,79,ragingduck,Tharsis Republic,73,,,,,"1st - JustMartianThings (84 VP, Inventrix) // 2nd - anthracite (79 VP, Saturn Systems) // 3rd - ragingduck (73 VP, Tharsis Republic)"
8/18/2021 21:17:02,A0165,8/18/2021,Season 2,Brendan18363,Mining Guild,148,teamsquish,Inventrix,127,chardie,Forfeit,0,,,,,"1st - Brendan18363 (148 VP, Mining Guild) // 2nd - teamsquish (127 VP, Inventrix) // 3rd - chardie (0 VP, Forfeit)"
8/19/2021 11:04:38,A0146,8/19/2021,Season 2,Zzani,Teractor,93,paranoidsnail,Ecoline,70,jaythaker96,Tharsis Republic,54,,,,,"1st - Zzani (93 VP, Teractor) // 2nd - paranoidsnail (70 VP, Ecoline) // 3rd - jaythaker96 (54 VP, Tharsis Republic)"
8/19/2021 14:35:07,A0140,8/19/0021,Season 2,LuisXIV,Mining Guild,93,Inspe,Tharsis Republic,92,Flery,Helion,60,60,49,59,,"1st - LuisXIV (93 VP, Mining Guild) // 2nd - Inspe (92 VP, Tharsis Republic) // 3rd - Flery (60 VP, Helion)"
8/19/2021 18:20:22,A0163,8/19/2021,Season 2,anthracite,Helion,70,MrKnollItAll,Ecoline,68,griefdog,Teractor,61,,,,,"1st - anthracite (70 VP, Helion) // 2nd - MrKnollItAll (68 VP, Ecoline) // 3rd - griefdog (61 VP, Teractor)"
8/20/2021 5:39:32,A0151,8/19/2021,Season 2,Sickysoka,Teractor,107,KromCoconut,Thorgate,102,adegas74,Interplanetary Cinematics,72,,,,,"1st - Sickysoka (107 VP, Teractor) // 2nd - KromCoconut (102 VP, Thorgate) // 3rd - adegas74 (72 VP, Interplanetary Cinematics)"
8/20/2021 11:34:03,A0265,8/20/2021,Season 2,enoon,Tharsis Republic,61,esle123,Interplanetary Cinematics,57,Qualitaetsgarant,Helion,55,,,,https://youtu.be/amBOXH2s5q0,"1st - enoon (61 VP, Tharsis Republic) // 2nd - esle123 (57 VP, Interplanetary Cinematics) // 3rd - Qualitaetsgarant (55 VP, Helion)"
8/20/2021 12:19:35,A0236,8/20/2021,Season 2,Zzani,Saturn Systems,109,Ocram82,Tharsis Republic,89,paranoidsnail,Credicor,76,,,,,"1st - Zzani (109 VP, Saturn Systems) // 2nd - Ocram82 (89 VP, Tharsis Republic) // 3rd - paranoidsnail (76 VP, Credicor)"
8/20/2021 14:52:30,A0143,8/20/2021,Season 2,Vinkepl,Tharsis Republic,102,MistPudim,Phobolog,91,DonnieDarko84,Interplanetary Cinematics,71,,,,,"1st - Vinkepl (102 VP, Tharsis Republic) // 2nd - MistPudim (91 VP, Phobolog) // 3rd - DonnieDarko84 (71 VP, Interplanetary Cinematics)"
8/20/2021 15:37:10,A0199,8/20/2021,Season 2,HighlanderKG,Ecoline,88,Druen,Mining Guild,87,SquirtleLvl12,Teractor,84,,,,,"1st - HighlanderKG (88 VP, Ecoline) // 2nd - Druen (87 VP, Mining Guild) // 3rd - SquirtleLvl12 (84 VP, Teractor)"
8/20/2021 19:43:05,A0164,8/20/2021,Season 2,ragingduck,Ecoline,73,hlambert033,Inventrix,68,JustMartianThings,Thorgate,58,,,,,"1st - ragingduck (73 VP, Ecoline) // 2nd - hlambert033 (68 VP, Inventrix) // 3rd - JustMartianThings (58 VP, Thorgate)"
8/21/2021 6:16:34,A0270,8/21/2021,Season 2,Jovian_Boyy,Teractor,60,Harrison Gray Fallat,Saturn Systems,58,shermrah,Interplanetary Cinematics,51,,,,,"1st - Jovian_Boyy (60 VP, Teractor) // 2nd - Harrison Gray Fallat (58 VP, Saturn Systems) // 3rd - shermrah (51 VP, Interplanetary Cinematics)"
8/22/2021 5:19:48,A0180,8/22/2021,Season 2,Jovian_Boyy,Ecoline,78,Thedred,Credicor,76,screamcfc,Interplanetary Cinematics,70,,,,,"1st - Jovian_Boyy (78 VP, Ecoline) // 2nd - Thedred (76 VP, Credicor) // 3rd - screamcfc (70 VP, Interplanetary Cinematics)"
8/22/2021 5:26:20,A0061,8/22/2021,Season 2,Ghaleon,Ecoline,104,adegas74,Tharsis Republic,74,Venophile,Inventrix,71,,,,,"1st - Ghaleon (104 VP, Ecoline) // 2nd - adegas74 (74 VP, Tharsis Republic) // 3rd - Venophile (71 VP, Inventrix)"
8/22/2021 21:36:04,A0214,8/22/2021,Season 2,Me0www,Credicor,99,Mars University,Phobolog,98,Kkenne5,Ecoline,81,,,,,"1st - Me0www (99 VP, Credicor) // 2nd - Mars University (98 VP, Phobolog) // 3rd - Kkenne5 (81 VP, Ecoline)"
8/23/2021 7:29:58,A0174,8/22/2021,Season 2,Scottmars,Tharsis Republic,109,Je-Nas,Thorgate,103,karmakanik,Forfeit,0,,,,,"1st - Scottmars (109 VP, Tharsis Republic) // 2nd - Je-Nas (103 VP, Thorgate) // 3rd - karmakanik (0 VP, Forfeit)"
8/23/2021 14:10:47,A0138,8/23/2021,Season 2,Matjaas,Credicor,113,rybisznurek,Tharsis Republic,72,herius93,Mining Guild,70,,,,,"1st - Matjaas (113 VP, Credicor) // 2nd - rybisznurek (72 VP, Tharsis Republic) // 3rd - herius93 (70 VP, Mining Guild)"
8/23/2021 15:28:49,A0234,8/23/2021,Season 2,Lazlo23,Inventrix,95,Yoshikuru,Mining Guild,78,DonnieDarko84,Saturn Systems,75,,,,,"1st - Lazlo23 (95 VP, Inventrix) // 2nd - Yoshikuru (78 VP, Mining Guild) // 3rd - DonnieDarko84 (75 VP, Saturn Systems)"
8/23/2021 15:45:11,A0287,8/23/2021,Season 2,HighTac,Teractor,80,mifciu,Inventrix,80,Venophile,Thorgate,76,59,54,,,"1st - HighTac (80 VP, Teractor) // 2nd - mifciu (80 VP, Inventrix) // 3rd - Venophile (76 VP, Thorgate)"
8/24/2021 8:18:27,A0315,8/24/2021,Season 2,Harrison Gray Fallat,Helion,81,Thedred,Ecoline,75,monkeyjunkk,Credicor,59,,,,,"1st - Harrison Gray Fallat (81 VP, Helion) // 2nd - Thedred (75 VP, Ecoline) // 3rd - monkeyjunkk (59 VP, Credicor)"
8/24/2021 10:21:48,A0196,8/24/2021,Season 2,mifciu,Credicor,71,boomata,Ecoline,51,adegas74,Teractor,46,,,,,"1st - mifciu (71 VP, Credicor) // 2nd - boomata (51 VP, Ecoline) // 3rd - adegas74 (46 VP, Teractor)"
8/24/2021 15:44:50,A0241,8/24/2021,Season 2,Milestone Party,Teractor,89,adegas74,Interplanetary Cinematics,70,Venophile,Ecoline,69,,,,,"1st - Milestone Party (89 VP, Teractor) // 2nd - adegas74 (70 VP, Interplanetary Cinematics) // 3rd - Venophile (69 VP, Ecoline)"
8/24/2021 19:42:21,A0357,8/24/2021,Season 2,vstan,Helion,66,emily's worst nightmare,Saturn Systems,65,esle123,Ecoline,65,,61,34,,"1st - vstan (66 VP, Helion) // 2nd - emily's worst nightmare (65 VP, Saturn Systems) // 3rd - esle123 (65 VP, Ecoline)"
8/24/2021 21:49:12,A0210,8/24/2021,Season 2,MrKnollItAll,Thorgate,88,teamsquish,Ecoline,82,griefdog,Teractor,70,,,,,"1st - MrKnollItAll (88 VP, Thorgate) // 2nd - teamsquish (82 VP, Ecoline) // 3rd - griefdog (70 VP, Teractor)"
8/24/2021 22:00:45,A0297,8/24/2021,Season 2,ikefalcon,Teractor,93,Roto von Bismarck,Saturn Systems,74,hazMatt,Ecoline,62,,,,,"1st - ikefalcon (93 VP, Teractor) // 2nd - Roto von Bismarck (74 VP, Saturn Systems) // 3rd - hazMatt (62 VP, Ecoline)"
8/25/2021 2:27:26,A0216,8/24/2021,Season 2,ecologist,Teractor,92,Street-Justice,Helion,74,Big Don,Saturn Systems,73,,,,,"1st - ecologist (92 VP, Teractor) // 2nd - Street-Justice (74 VP, Helion) // 3rd - Big Don (73 VP, Saturn Systems)"
8/25/2021 6:08:52,A0224,8/25/2021,Season 2,Jovian_Boyy,Credicor,89,shadowmoonwalk,Mining Guild,88,Thedred,Teractor,82,,,,,"1st - Jovian_Boyy (89 VP, Credicor) // 2nd - shadowmoonwalk (88 VP, Mining Guild) // 3rd - Thedred (82 VP, Teractor)"
8/26/2021 0:10:21,A0167,8/26/2021,Season 2,tmfan,Mining Guild,129,StandByForHorseConch,Tharsis Republic,101,Tjreid1,Phobolog,93,,,,https://www.twitch.tv/videos/1129435052,"1st - tmfan (129 VP, Mining Guild) // 2nd - StandByForHorseConch (101 VP, Tharsis Republic) // 3rd - Tjreid1 (93 VP, Phobolog)"
8/26/2021 14:39:51,A0063,8/26/2021,Season 2,Milestone Party,Thorgate,106,KromCoconut,Interplanetary Cinematics,89,boomata,Teractor,74,,,,,"1st - Milestone Party (106 VP, Thorgate) // 2nd - KromCoconut (89 VP, Interplanetary Cinematics) // 3rd - boomata (74 VP, Teractor)"
8/26/2021 14:41:27,A0326,8/26/2021,Season 2,Keenankj,Credicor,61,Jacob Cream,Interplanetary Cinematics,59,Zzani,Thorgate,58,,,,,"1st - Keenankj (61 VP, Credicor) // 2nd - Jacob Cream (59 VP, Interplanetary Cinematics) // 3rd - Zzani (58 VP, Thorgate)"
8/26/2021 15:22:04,A0185,8/26/2021,Season 2,Polukranos,Saturn Systems,114,Inspe,Inventrix,96,Martinaturis,Credicor,78,,,,,"1st - Polukranos (114 VP, Saturn Systems) // 2nd - Inspe (96 VP, Inventrix) // 3rd - Martinaturis (78 VP, Credicor)"
8/26/2021 20:02:44,A0312,8/26/2021,Season 2,enoon,Helion,85,Tinkerbob,Inventrix,62,emily's worst nightmare,Tharsis Republic,61,,,,https://youtu.be/7oRJZoReZdQ,"1st - enoon (85 VP, Helion) // 2nd - Tinkerbob (62 VP, Inventrix) // 3rd - emily's worst nightmare (61 VP, Tharsis Republic)"
8/26/2021 20:11:31,A0259,8/26/2021,Season 2,Me0www,United Nations Mars Initiative,97,ecologist,Saturn Systems,94,SomeGlitch,Credicor,85,,,,,"1st - Me0www (97 VP, United Nations Mars Initiative) // 2nd - ecologist (94 VP, Saturn Systems) // 3rd - SomeGlitch (85 VP, Credicor)"
8/26/2021 20:45:33,A0213,8/26/2021,Season 2,ScratchesTheBear,Tharsis Republic,71,deantheatre,Teractor,64,Cow_Boy,Saturn Systems,58,,,,,"1st - ScratchesTheBear (71 VP, Tharsis Republic) // 2nd - deantheatre (64 VP, Teractor) // 3rd - Cow_Boy (58 VP, Saturn Systems)"
8/27/2021 15:30:45,A0239,8/27/2021,Season 2,Fltr,Ecoline,113,crazypuzz,Interplanetary Cinematics,108,Dead_Bone,Phobolog,90,,,,,"1st - Fltr (113 VP, Ecoline) // 2nd - crazypuzz (108 VP, Interplanetary Cinematics) // 3rd - Dead_Bone (90 VP, Phobolog)"
8/29/2021 9:22:54,A0359,8/29/2021,Season 2,fly4777_3P,Helion,75,shermrah,Credicor,65,Thedred,Thorgate,52,,,,https://www.twitch.tv/videos/1133012277,"1st - fly4777_3P (75 VP, Helion) // 2nd - shermrah (65 VP, Credicor) // 3rd - Thedred (52 VP, Thorgate)"
8/29/2021 15:15:01,A0253,8/29/2021,Season 2,anthracite,Credicor,72,teamsquish,Saturn Systems,59,Cyphen,Teractor,54,,,,,"1st - anthracite (72 VP, Credicor) // 2nd - teamsquish (59 VP, Saturn Systems) // 3rd - Cyphen (54 VP, Teractor)"
8/29/2021 15:56:12,A0219,8/29/2021,Season 2,Petrifis,Phobolog,81,BreadEnthusiast,Mining Guild,80,Scottmars,Interplanetary Cinematics,79,,,,,"1st - Petrifis (81 VP, Phobolog) // 2nd - BreadEnthusiast (80 VP, Mining Guild) // 3rd - Scottmars (79 VP, Interplanetary Cinematics)"
8/29/2021 19:22:40,A0209,8/29/2021,Season 2,Cyphen,Tharsis Republic,102,hlambert033,Credicor,79,Brendan18363,Mining Guild,76,,,,,"1st - Cyphen (102 VP, Tharsis Republic) // 2nd - hlambert033 (79 VP, Credicor) // 3rd - Brendan18363 (76 VP, Mining Guild)"
8/30/2021 13:45:21,A0278,8/30/2021,Season 2,lisiacz,Interplanetary Cinematics,92,Vinkepl,Inventrix,67,Lazlo23,Mining Guild,60,,,,,"1st - lisiacz (92 VP, Interplanetary Cinematics) // 2nd - Vinkepl (67 VP, Inventrix) // 3rd - Lazlo23 (60 VP, Mining Guild)"
8/30/2021 21:34:25,A0255,8/30/2021,Season 2,MrKnollItAll,United Nations Mars Initiative,86,ragingduck,Ecoline,81,Brendan18363,Mining Guild,77,,,,,"1st - MrKnollItAll (86 VP, United Nations Mars Initiative) // 2nd - ragingduck (81 VP, Ecoline) // 3rd - Brendan18363 (77 VP, Mining Guild)"
8/31/2021 13:28:06,A0230,8/31/2021,Season 2,Inspe,Mining Guild,85,LambTree,Saturn Systems,71,LuisXIV,Ecoline,64,,,,,"1st - Inspe (85 VP, Mining Guild) // 2nd - LambTree (71 VP, Saturn Systems) // 3rd - LuisXIV (64 VP, Ecoline)"
8/31/2021 13:45:40,A0294,8/31/2021,Season 2,Nekiyan,Ecoline,84,Andre_Kappa,Tharsis Republic,70,Rinmay87,Inventrix,66,,,,,"1st - Nekiyan (84 VP, Ecoline) // 2nd - Andre_Kappa (70 VP, Tharsis Republic) // 3rd - Rinmay87 (66 VP, Inventrix)"
8/31/2021 13:56:19,A0323,8/31/2021,Season 2,Finnsane,Saturn Systems,91,Yoshikuru,Tharsis Republic,86,Vinkepl,Thorgate,83,,,,,"1st - Finnsane (91 VP, Saturn Systems) // 2nd - Yoshikuru (86 VP, Tharsis Republic) // 3rd - Vinkepl (83 VP, Thorgate)"
8/31/2021 15:05:37,A0052,8/31/2021,Season 2,Smior,Saturn Systems,135,MistPudim,Interplanetary Cinematics,83,lisiacz,Credicor,83,,58,48,,"1st - Smior (135 VP, Saturn Systems) // 2nd - MistPudim (83 VP, Interplanetary Cinematics) // 3rd - lisiacz (83 VP, Credicor)"
8/31/2021 15:11:25,A0290,8/31/2021,Season 2,TheNerdyPlayboy,Credicor,72,HighlanderKG,Inventrix,66,Twigg96wafc,Thorgate,62,,,,,"1st - TheNerdyPlayboy (72 VP, Credicor) // 2nd - HighlanderKG (66 VP, Inventrix) // 3rd - Twigg96wafc (62 VP, Thorgate)"
9/1/2021 14:03:29,A0284,9/1/2021,Season 2,Fltr,Tharsis Republic,114,Andrewcool,Credicor,72,Chipsmon,Mining Guild,72,,61,50,,"1st - Fltr (114 VP, Tharsis Republic) // 2nd - Andrewcool (72 VP, Credicor) // 3rd - Chipsmon (72 VP, Mining Guild)"
9/2/2021 13:48:15,A0277,9/2/2021,Season 2,Yoshikuru,Ecoline,97,Smior,Interplanetary Cinematics,90,MistPudim,Tharsis Republic,70,,,,,"1st - Yoshikuru (97 VP, Ecoline) // 2nd - Smior (90 VP, Interplanetary Cinematics) // 3rd - MistPudim (70 VP, Tharsis Republic)"
9/2/2021 14:06:07,A0182,9/2/2021,Season 2,Broman,Tharsis Republic,84,rybisznurek,Saturn Systems,74,Matjaas,Mining Guild,73,,,,,"1st - Broman (84 VP, Tharsis Republic) // 2nd - rybisznurek (74 VP, Saturn Systems) // 3rd - Matjaas (73 VP, Mining Guild)"
9/2/2021 14:15:23,A0198,9/2/2021,Season 2,Sickysoka,Teractor,122,KromCoconut,Saturn Systems,101,Venophile,Credicor,85,,,,,"1st - Sickysoka (122 VP, Teractor) // 2nd - KromCoconut (101 VP, Saturn Systems) // 3rd - Venophile (85 VP, Credicor)"
9/2/2021 15:43:28,A0195,9/2/2021,Season 2,crazypuzz,United Nations Mars Initiative,105,Biccis90,Tharsis Republic,105,Andrewcool,Thorgate,78,84,59,,,"1st - crazypuzz (105 VP, United Nations Mars Initiative) // 2nd - Biccis90 (105 VP, Tharsis Republic) // 3rd - Andrewcool (78 VP, Thorgate)"
9/2/2021 16:08:46,A0197,9/3/2021,Season 2,Ghaleon,Teractor,84,Milestone Party,Mining Guild,84,HighTac,Inventrix,75,68,56,,,"1st - Ghaleon (84 VP, Teractor) // 2nd - Milestone Party (84 VP, Mining Guild) // 3rd - HighTac (75 VP, Inventrix)"
9/3/2021 8:36:38,A0200,9/3/2021,Season 2,adysk,Interplanetary Cinematics,77,PapáDeAzúcar,Ecoline,67,TheNerdyPlayboy,Credicor,65,,,,,"1st - adysk (77 VP, Interplanetary Cinematics) // 2nd - PapáDeAzúcar (67 VP, Ecoline) // 3rd - TheNerdyPlayboy (65 VP, Credicor)"
9/3/2021 13:48:53,A0330,9/3/2021,Season 2,Dead_Bone,Mining Guild,84,rinu100,Helion,61,Andrewcool,Credicor,54,,,,,"1st - Dead_Bone (84 VP, Mining Guild) // 2nd - rinu100 (61 VP, Helion) // 3rd - Andrewcool (54 VP, Credicor)"
9/3/2021 14:20:54,A0189,9/3/2021,Season 2,lisiacz,Interplanetary Cinematics,79,Yoshikuru,Thorgate,78,Laranjo,Tharsis Republic,61,,,,,"1st - lisiacz (79 VP, Interplanetary Cinematics) // 2nd - Yoshikuru (78 VP, Thorgate) // 3rd - Laranjo (61 VP, Tharsis Republic)"
9/3/2021 14:46:55,A0183,9/3/2021,Season 2,Stayfun,Credicor,104,herius93,Interplanetary Cinematics,104,MartianTomato,Tharsis Republic,85,72,58,,,"1st - Stayfun (104 VP, Credicor) // 2nd - herius93 (104 VP, Interplanetary Cinematics) // 3rd - MartianTomato (85 VP, Tharsis Republic)"
9/4/2021 9:10:08,A0205,9/4/2021,Season 2,Private O'Malley,Teractor,80,hazMatt,Credicor,68,TimFinnegan,Helion,67,,,,https://www.twitch.tv/videos/1138765143,"1st - Private O'Malley (80 VP, Teractor) // 2nd - hazMatt (68 VP, Credicor) // 3rd - TimFinnegan (67 VP, Helion)"
9/4/2021 13:53:50,A0191,9/4/2021,Season 2,paranoidsnail,Interplanetary Cinematics,79,KarlikMeister,Ecoline,66,Keenankj,Saturn Systems,60,,,,,"1st - paranoidsnail (79 VP, Interplanetary Cinematics) // 2nd - KarlikMeister (66 VP, Ecoline) // 3rd - Keenankj (60 VP, Saturn Systems)"
9/4/2021 17:34:02,A0217,9/4/2021,Season 2,EliteNEET,Interplanetary Cinematics,94,splitalterego,Helion,87,jjworshipleader,United Nations Mars Initiative,44,,,,,"1st - EliteNEET (94 VP, Interplanetary Cinematics) // 2nd - splitalterego (87 VP, Helion) // 3rd - jjworshipleader (44 VP, United Nations Mars Initiative)"
9/4/2021 20:01:52,A0257,9/4/2021,Season 2,Tjreid1,Credicor,109,tmfan,Mining Guild,107,ScratchesTheBear,Thorgate,83,,,,https://www.twitch.tv/videos/1139294142,"1st - Tjreid1 (109 VP, Credicor) // 2nd - tmfan (107 VP, Mining Guild) // 3rd - ScratchesTheBear (83 VP, Thorgate)"
9/5/2021 18:35:56,A0256,9/5/2021,Season 2,ThreadPacifist,Tharsis Republic,103,GoBirds,Inventrix,98,Cow_Boy,Saturn Systems,81,,,,https://www.twitch.tv/videos/1140201816,"1st - ThreadPacifist (103 VP, Tharsis Republic) // 2nd - GoBirds (98 VP, Inventrix) // 3rd - Cow_Boy (81 VP, Saturn Systems)"
9/6/2021 21:04:47,A0250,9/6/2021,Season 2,Private O'Malley,Mining Guild,93,Roto von Bismarck,Teractor,75,Irather Nottell,Phobolog,51,,,,https://www.twitch.tv/videos/1141319625,"1st - Private O'Malley (93 VP, Mining Guild) // 2nd - Roto von Bismarck (75 VP, Teractor) // 3rd - Irather Nottell (51 VP, Phobolog)"
9/7/2021 20:48:39,A0258,9/7/2021,Season 2,deantheatre,Teractor,90,Omar Lapince,Credicor,75,StandByForHorseConch,Thorgate,71,,,,,"1st - deantheatre (90 VP, Teractor) // 2nd - Omar Lapince (75 VP, Credicor) // 3rd - StandByForHorseConch (71 VP, Thorgate)"
9/7/2021 21:27:57,A0305,9/7/2021,Season 2,ecologist,Inventrix,75,Mars University,Saturn Systems,62,SorryDave,Credicor,62,,68,60,https://www.twitch.tv/videos/1142295152,"1st - ecologist (75 VP, Inventrix) // 2nd - Mars University (62 VP, Saturn Systems) // 3rd - SorryDave (62 VP, Credicor)"
9/8/2021 5:21:09,A0288,9/7/2021,Season 2,Milestone Party,Saturn Systems,119,boomata,Thorgate,77,Sickysoka,Credicor,74,,,,,"1st - Milestone Party (119 VP, Saturn Systems) // 2nd - boomata (77 VP, Thorgate) // 3rd - Sickysoka (74 VP, Credicor)"
9/8/2021 13:12:31,A0141,9/8/2021,Season 2,Polukranos,Credicor,81,Martinaturis,Mining Guild,75,jszhmann,Teractor,65,,,,,"1st - Polukranos (81 VP, Credicor) // 2nd - Martinaturis (75 VP, Mining Guild) // 3rd - jszhmann (65 VP, Teractor)"
9/8/2021 15:28:20,A0279,9/8/2021,Season 2,DonnieDarko84,Interplanetary Cinematics,89,Finnsane,Thorgate,75,Laranjo,Phobolog,68,,,,,"1st - DonnieDarko84 (89 VP, Interplanetary Cinematics) // 2nd - Finnsane (75 VP, Thorgate) // 3rd - Laranjo (68 VP, Phobolog)"
9/8/2021 16:07:46,A0334,9/9/2021,Season 2,Druen,Saturn Systems,99,TheNerdyPlayboy,Credicor,75,Cromemox,Teractor,63,,,,,"1st - Druen (99 VP, Saturn Systems) // 2nd - TheNerdyPlayboy (75 VP, Credicor) // 3rd - Cromemox (63 VP, Teractor)"
9/8/2021 20:14:03,A0263,9/8/2021,Season 2,splitalterego,Mining Guild,84,Petrifis,Inventrix,84,A1RO,Teractor,74,50,48,,,"1st - splitalterego (84 VP, Mining Guild) // 2nd - Petrifis (84 VP, Inventrix) // 3rd - A1RO (74 VP, Teractor)"
9/9/2021 5:41:55,A0147,9/9/2021,Season 2,Keenankj,Ecoline,91,Jimaros2004,Saturn Systems,66,KarlikMeister,Teractor,55,,,,,"1st - Keenankj (91 VP, Ecoline) // 2nd - Jimaros2004 (66 VP, Saturn Systems) // 3rd - KarlikMeister (55 VP, Teractor)"
9/9/2021 8:45:18,A0225,9/9/2021,Season 2,shermrah,Helion,74,screamcfc,Interplanetary Cinematics,66,monkeyjunkk,Tharsis Republic,55,,,,,"1st - shermrah (74 VP, Helion) // 2nd - screamcfc (66 VP, Interplanetary Cinematics) // 3rd - monkeyjunkk (55 VP, Tharsis Republic)"
9/9/2021 13:32:55,A0184,9/9/2021,Season 2,Belemil,Teractor,90,Flery,Saturn Systems,79,illegal,Phobolog,79,,70,49,,"1st - Belemil (90 VP, Teractor) // 2nd - Flery (79 VP, Saturn Systems) // 3rd - illegal (79 VP, Phobolog)"
9/9/2021 13:55:21,A0329,9/9/2021,Season 2,Fltr,Inventrix,73,Biccis90,Teractor,62,TAMPNGFABRIKEN,Credicor,59,,,,,"1st - Fltr (73 VP, Inventrix) // 2nd - Biccis90 (62 VP, Teractor) // 3rd - TAMPNGFABRIKEN (59 VP, Credicor)"
9/9/2021 20:35:55,A0306,9/9/2021,Season 2,SomeGlitch,Teractor,131,Big Don,Saturn Systems,91,Kkenne5,Mining Guild,87,,,,,"1st - SomeGlitch (131 VP, Teractor) // 2nd - Big Don (91 VP, Saturn Systems) // 3rd - Kkenne5 (87 VP, Mining Guild)"
9/10/2021 8:24:11,A0356,9/9/2021,Season 2,enoon,Mining Guild,112,musicforlife121,Tharsis Republic,89,h0dgep0dge,Helion,79,,,,https://www.twitch.tv/videos/1144175515                    https://youtu.be/eNeiDilcicw,"1st - enoon (112 VP, Mining Guild) // 2nd - musicforlife121 (89 VP, Tharsis Republic) // 3rd - h0dgep0dge (79 VP, Helion)"
9/11/2021 19:36:50,A0264,9/11/2021,Season 2,Je-Nas,Tharsis Republic,70,jjworshipleader,United Nations Mars Initiative,63,BreadEnthusiast,Inventrix,61,,,,https://youtu.be/Zhd5Bhsmzck,"1st - Je-Nas (70 VP, Tharsis Republic) // 2nd - jjworshipleader (63 VP, United Nations Mars Initiative) // 3rd - BreadEnthusiast (61 VP, Inventrix)"
9/12/2021 8:14:09,A0292,9/12/2021,Season 2,regolith eaters,Mining Guild,89,MorianDavis,Tharsis Republic,74,efharisto,Saturn Systems,68,,,,,"1st - regolith eaters (89 VP, Mining Guild) // 2nd - MorianDavis (74 VP, Tharsis Republic) // 3rd - efharisto (68 VP, Saturn Systems)"
9/12/2021 15:33:28,A0246,9/12/2021,Season 2,TheNerdyPlayboy,Saturn Systems,113,Dahyunayeon,Inventrix,107,SquirtleLvl12,Ecoline,89,,,,,"1st - TheNerdyPlayboy (113 VP, Saturn Systems) // 2nd - Dahyunayeon (107 VP, Inventrix) // 3rd - SquirtleLvl12 (89 VP, Ecoline)"
9/12/2021 17:50:55,A0298,9/13/2021,Season 2,anthracite,Credicor,77,hlambert033,Teractor,69,MrKnollItAll,Saturn Systems,68,,,,,"1st - anthracite (77 VP, Credicor) // 2nd - hlambert033 (69 VP, Teractor) // 3rd - MrKnollItAll (68 VP, Saturn Systems)"
9/13/2021 15:26:12,A0231,9/13/2021,Season 2,Martinaturis,Mining Guild,89,Ladyfromafar,Thorgate,67,Flery,Teractor,55,,,,,"1st - Martinaturis (89 VP, Mining Guild) // 2nd - Ladyfromafar (67 VP, Thorgate) // 3rd - Flery (55 VP, Teractor)"
9/13/2021 19:33:21,A0295,9/13/2021,Season 2,RonaldMexico,Interplanetary Cinematics,75,Private O'Malley,United Nations Mars Initiative,74,dystopian citizen,Saturn Systems,66,,,,https://www.twitch.tv/videos/1148053399,"1st - RonaldMexico (75 VP, Interplanetary Cinematics) // 2nd - Private O'Malley (74 VP, United Nations Mars Initiative) // 3rd - dystopian citizen (66 VP, Saturn Systems)"
9/13/2021 19:37:54,A0218,9/13/2021,Season 2,Je-Nas,Tharsis Republic,96,A1RO,Thorgate,86,BrINClHOF,Ecoline,61,,,,https://youtu.be/-vVMqXqr1-4,"1st - Je-Nas (96 VP, Tharsis Republic) // 2nd - A1RO (86 VP, Thorgate) // 3rd - BrINClHOF (61 VP, Ecoline)"
9/14/2021 7:43:31,A0313,9/14/2021,Season 2,shadowmoonwalk,Ecoline,91,shermrah,Inventrix,90,T4Mars+KR,Forfeit,0,,,,,"1st - shadowmoonwalk (91 VP, Ecoline) // 2nd - shermrah (90 VP, Inventrix) // 3rd - T4Mars+KR (0 VP, Forfeit)"
9/14/2021 19:16:15,A0215,9/14/2021,Season 2,SomeGlitch,Phobolog,89,ARLONG573,Saturn Systems,83,SorryDave,Thorgate,63,,,,,"1st - SomeGlitch (89 VP, Phobolog) // 2nd - ARLONG573 (83 VP, Saturn Systems) // 3rd - SorryDave (63 VP, Thorgate)"
9/14/2021 19:32:08,A0301,9/14/2021,Season 2,ThreadPacifist,Credicor,95,Tjreid1,Mining Guild,82,deantheatre,Ecoline,81,,,,https://www.twitch.tv/videos/1148955604,"1st - ThreadPacifist (95 VP, Credicor) // 2nd - Tjreid1 (82 VP, Mining Guild) // 3rd - deantheatre (81 VP, Ecoline)"
9/15/2021 11:41:52,A0360,9/15/2021,Season 2,screamcfc,Phobolog,81,Harrison Gray Fallat,United Nations Mars Initiative,79,shadowmoonwalk,Saturn Systems,76,,,,,"1st - screamcfc (81 VP, Phobolog) // 2nd - Harrison Gray Fallat (79 VP, United Nations Mars Initiative) // 3rd - shadowmoonwalk (76 VP, Saturn Systems)"
9/15/2021 14:04:09,A0280,9/15/2021,Season 2,Jacob Cream,Teractor,67,Deginald,Interplanetary Cinematics,67,paranoidsnail,Inventrix,62,55,51,,,"1st - Jacob Cream (67 VP, Teractor) // 2nd - Deginald (67 VP, Interplanetary Cinematics) // 3rd - paranoidsnail (62 VP, Inventrix)"
9/15/2021 14:27:44,A0187,9/15/2021,Season 2,Vinkepl,Tharsis Republic,94,DonnieDarko84,Teractor,93,Smior,United Nations Mars Initiative,70,,,,,"1st - Vinkepl (94 VP, Tharsis Republic) // 2nd - DonnieDarko84 (93 VP, Teractor) // 3rd - Smior (70 VP, United Nations Mars Initiative)"
9/15/2021 20:25:53,A0252,9/15/2021,Season 2,kroshtron,Interplanetary Cinematics,95,hazMatt,Saturn Systems,78,dystopian citizen,Credicor,73,,,,,"1st - kroshtron (95 VP, Interplanetary Cinematics) // 2nd - hazMatt (78 VP, Saturn Systems) // 3rd - dystopian citizen (73 VP, Credicor)"
9/16/2021 12:50:14,A0328,9/16/2021,Season 2,AwesomeAxolotl,Saturn Systems,86,crazypuzz,Phobolog,69,Chipsmon,Ecoline,66,,,,https://www.twitch.tv/videos/1150463965,"1st - AwesomeAxolotl (86 VP, Saturn Systems) // 2nd - crazypuzz (69 VP, Phobolog) // 3rd - Chipsmon (66 VP, Ecoline)"
9/16/2021 13:34:28,A0339,9/16/2021,Season 2,Rinmay87,Ecoline,77,MorianDavis,Saturn Systems,65,CaptainTSR,Helion,62,,,,,"1st - Rinmay87 (77 VP, Ecoline) // 2nd - MorianDavis (65 VP, Saturn Systems) // 3rd - CaptainTSR (62 VP, Helion)"
9/16/2021 15:04:21,A0232,9/16/2021,Season 2,Finnsane,Credicor,106,Smior,Ecoline,95,lisiacz,Mining Guild,81,,,,,"1st - Finnsane (106 VP, Credicor) // 2nd - Smior (95 VP, Ecoline) // 3rd - lisiacz (81 VP, Mining Guild)"
9/16/2021 20:36:25,A0303,9/16/2021,Season 2,GoBirds,Thorgate,85,ScratchesTheBear,Interplanetary Cinematics,78,StandByForHorseConch,Ecoline,68,,,,,"1st - GoBirds (85 VP, Thorgate) // 2nd - ScratchesTheBear (78 VP, Interplanetary Cinematics) // 3rd - StandByForHorseConch (68 VP, Ecoline)"
9/16/2021 22:44:00,A0344,9/16/2021,Season 2,JustMartianThings,Interplanetary Cinematics,96,Cyphen,Mining Guild,92,MrKnollItAll,Inventrix,81,,,,,"1st - JustMartianThings (96 VP, Interplanetary Cinematics) // 2nd - Cyphen (92 VP, Mining Guild) // 3rd - MrKnollItAll (81 VP, Inventrix)"
,,,,,,,,,,,,,,,,,"1st -  ( VP, ) // 2nd -  ( VP, ) // 3rd -  ( VP, )"
,,,,,,,,,,,,,,,,,"1st -  ( VP, ) // 2nd -  ( VP, ) // 3rd -  ( VP, )"
,,,,,,,,,,,,,,,,,"1st -  ( VP, ) // 2nd -  ( VP, ) // 3rd -  ( VP, )"
,,,,,,,,,,,,,,,,,"1st -  ( VP, ) // 2nd -  ( VP, ) // 3rd -  ( VP, )"
,,,,,,,,,,,,,,,,,"1st -  ( VP, ) // 2nd -  ( VP, ) // 3rd -  ( VP, )"
,,,,,,,,,,,,,,,,,"1st -  ( VP, ) // 2nd -  ( VP, ) // 3rd -  ( VP, )"
,,,,,,,,,,,,,,,,,"1st -  ( VP, ) // 2nd -  ( VP, ) // 3rd -  ( VP, )"
,,,,,,,,,,,,,,,,,"1st -  ( VP, ) // 2nd -  ( VP, ) // 3rd -  ( VP, )"
,,,,,,,,,,,,,,,,,"1st -  ( VP, ) // 2nd -  ( VP, ) // 3rd -  ( VP, )"
,,,,,,,,,,,,,,,,,"1st -  ( VP, ) // 2nd -  ( VP, ) // 3rd -  ( VP, )"
,,,,,,,,,,,,,,,,,"1st -  ( VP, ) // 2nd -  ( VP, ) // 3rd -  ( VP, )"
,,,,,,,,,,,,,,,,,"1st -  ( VP, ) // 2nd -  ( VP, ) // 3rd -  ( VP, )"
,,,,,,,,,,,,,,,,,"1st -  ( VP, ) // 2nd -  ( VP, ) // 3rd -  ( VP, )"
,,,,,,,,,,,,,,,,,"1st -  ( VP, ) // 2nd -  ( VP, ) // 3rd -  ( VP, )"
,,,,,,,,,,,,,,,,,"1st -  ( VP, ) // 2nd -  ( VP, ) // 3rd -  ( VP, )"
,,,,,,,,,,,,,,,,,"1st -  ( VP, ) // 2nd -  ( VP, ) // 3rd -  ( VP, )"
,,,,,,,,,,,,,,,,,"1st -  ( VP, ) // 2nd -  ( VP, ) // 3rd -  ( VP, )"
,,,,,,,,,,,,,,,,,"1st -  ( VP, ) // 2nd -  ( VP, ) // 3rd -  ( VP, )"
,,,,,,,,,,,,,,,,,"1st -  ( VP, ) // 2nd -  ( VP, ) // 3rd -  ( VP, )"
,,,,,,,,,,,,,,,,,"1st -  ( VP, ) // 2nd -  ( VP, ) // 3rd -  ( VP, )"
,,,,,,,,,,,,,,,,,"1st -  ( VP, ) // 2nd -  ( VP, ) // 3rd -  ( VP, )"
,,,,,,,,,,,,,,,,,"1st -  ( VP, ) // 2nd -  ( VP, ) // 3rd -  ( VP, )"
,,,,,,,,,,,,,,,,,"1st -  ( VP, ) // 2nd -  ( VP, ) // 3rd -  ( VP, )"
,,,,,,,,,,,,,,,,,"1st -  ( VP, ) // 2nd -  ( VP, ) // 3rd -  ( VP, )"
,,,,,,,,,,,,,,,,,"1st -  ( VP, ) // 2nd -  ( VP, ) // 3rd -  ( VP, )"
,,,,,,,,,,,,,,,,,"1st -  ( VP, ) // 2nd -  ( VP, ) // 3rd -  ( VP, )"
,,,,,,,,,,,,,,,,,"1st -  ( VP, ) // 2nd -  ( VP, ) // 3rd -  ( VP, )"
,,,,,,,,,,,,,,,,,"1st -  ( VP, ) // 2nd -  ( VP, ) // 3rd -  ( VP, )"
,,,,,,,,,,,,,,,,,"1st -  ( VP, ) // 2nd -  ( VP, ) // 3rd -  ( VP, )"
,,,,,,,,,,,,,,,,,"1st -  ( VP, ) // 2nd -  ( VP, ) // 3rd -  ( VP, )"
,,,,,,,,,,,,,,,,,"1st -  ( VP, ) // 2nd -  ( VP, ) // 3rd -  ( VP, )"
,,,,,,,,,,,,,,,,,"1st -  ( VP, ) // 2nd -  ( VP, ) // 3rd -  ( VP, )"
,,,,,,,,,,,,,,,,,"1st -  ( VP, ) // 2nd -  ( VP, ) // 3rd -  ( VP, )"
,,,,,,,,,,,,,,,,,"1st -  ( VP, ) // 2nd -  ( VP, ) // 3rd -  ( VP, )"
,,,,,,,,,,,,,,,,,"1st -  ( VP, ) // 2nd -  ( VP, ) // 3rd -  ( VP, )"
,,,,,,,,,,,,,,,,,"1st -  ( VP, ) // 2nd -  ( VP, ) // 3rd -  ( VP, )"
,,,,,,,,,,,,,,,,,"1st -  ( VP, ) // 2nd -  ( VP, ) // 3rd -  ( VP, )"
,,,,,,,,,,,,,,,,,"1st -  ( VP, ) // 2nd -  ( VP, ) // 3rd -  ( VP, )"
,,,,,,,,,,,,,,,,,"1st -  ( VP, ) // 2nd -  ( VP, ) // 3rd -  ( VP, )"
,,,,,,,,,,,,,,,,,"1st -  ( VP, ) // 2nd -  ( VP, ) // 3rd -  ( VP, )"
,,,,,,,,,,,,,,,,,"1st -  ( VP, ) // 2nd -  ( VP, ) // 3rd -  ( VP, )"
,,,,,,,,,,,,,,,,,"1st -  ( VP, ) // 2nd -  ( VP, ) // 3rd -  ( VP, )"
,,,,,,,,,,,,,,,,,"1st -  ( VP, ) // 2nd -  ( VP, ) // 3rd -  ( VP, )"
,,,,,,,,,,,,,,,,,"1st -  ( VP, ) // 2nd -  ( VP, ) // 3rd -  ( VP, )"
,,,,,,,,,,,,,,,,,"1st -  ( VP, ) // 2nd -  ( VP, ) // 3rd -  ( VP, )"
,,,,,,,,,,,,,,,,,"1st -  ( VP, ) // 2nd -  ( VP, ) // 3rd -  ( VP, )"
,,,,,,,,,,,,,,,,,"1st -  ( VP, ) // 2nd -  ( VP, ) // 3rd -  ( VP, )"
,,,,,,,,,,,,,,,,,"1st -  ( VP, ) // 2nd -  ( VP, ) // 3rd -  ( VP, )"
,,,,,,,,,,,,,,,,,"1st -  ( VP, ) // 2nd -  ( VP, ) // 3rd -  ( VP, )"
,,,,,,,,,,,,,,,,,"1st -  ( VP, ) // 2nd -  ( VP, ) // 3rd -  ( VP, )"
,,,,,,,,,,,,,,,,,"1st -  ( VP, ) // 2nd -  ( VP, ) // 3rd -  ( VP, )"
,,,,,,,,,,,,,,,,,"1st -  ( VP, ) // 2nd -  ( VP, ) // 3rd -  ( VP, )"
,,,,,,,,,,,,,,,,,"1st -  ( VP, ) // 2nd -  ( VP, ) // 3rd -  ( VP, )"
,,,,,,,,,,,,,,,,,"1st -  ( VP, ) // 2nd -  ( VP, ) // 3rd -  ( VP, )"
,,,,,,,,,,,,,,,,,"1st -  ( VP, ) // 2nd -  ( VP, ) // 3rd -  ( VP, )"
,,,,,,,,,,,,,,,,,"1st -  ( VP, ) // 2nd -  ( VP, ) // 3rd -  ( VP, )"
,,,,,,,,,,,,,,,,,"1st -  ( VP, ) // 2nd -  ( VP, ) // 3rd -  ( VP, )"
,,,,,,,,,,,,,,,,,"1st -  ( VP, ) // 2nd -  ( VP, ) // 3rd -  ( VP, )"
,,,,,,,,,,,,,,,,,"1st -  ( VP, ) // 2nd -  ( VP, ) // 3rd -  ( VP, )"
,,,,,,,,,,,,,,,,,"1st -  ( VP, ) // 2nd -  ( VP, ) // 3rd -  ( VP, )"
,,,,,,,,,,,,,,,,,"1st -  ( VP, ) // 2nd -  ( VP, ) // 3rd -  ( VP, )"
,,,,,,,,,,,,,,,,,"1st -  ( VP, ) // 2nd -  ( VP, ) // 3rd -  ( VP, )"
,,,,,,,,,,,,,,,,,"1st -  ( VP, ) // 2nd -  ( VP, ) // 3rd -  ( VP, )"
,,,,,,,,,,,,,,,,,"1st -  ( VP, ) // 2nd -  ( VP, ) // 3rd -  ( VP, )"
,,,,,,,,,,,,,,,,,"1st -  ( VP, ) // 2nd -  ( VP, ) // 3rd -  ( VP, )"
,,,,,,,,,,,,,,,,,"1st -  ( VP, ) // 2nd -  ( VP, ) // 3rd -  ( VP, )"
,,,,,,,,,,,,,,,,,"1st -  ( VP, ) // 2nd -  ( VP, ) // 3rd -  ( VP, )"